日期,幣別,即期買入匯率,即期賣出匯率
20211230,USD,27.63,27.73
20211230,HKD,3.519,3.579
20211230,GBP,37.1,37.5
20211230,AUD,19.98,20.18
20211230,CAD,21.52,21.72
20211230,SGD,20.37,20.55
20211230,CHF,30.05,30.3
20211230,JPY,0.2385,0.2425
20211230,ZAR,1.693,1.773
20211230,SEK,3.02,3.12
20211230,NZD,18.79,18.99
20211230,THB,0.8147,0.8547
20211230,EUR,31.12,31.52
20211230,CNY,4.319,4.369
20211229,USD,27.61,27.71
20211229,HKD,3.517,3.577
20211229,GBP,36.96,37.36
20211229,AUD,19.9,20.1
20211229,CAD,21.48,21.68
20211229,SGD,20.34,20.52
20211229,CHF,30.01,30.26
20211229,JPY,0.2387,0.2427
20211229,ZAR,1.715,1.795
20211229,SEK,3,3.1
20211229,NZD,18.71,18.91
20211229,THB,0.81,0.85
20211229,EUR,31.05,31.45
20211229,CNY,4.316,4.366
20211228,USD,27.635,27.735
20211228,HKD,3.52,3.58
20211228,GBP,37.01,37.41
20211228,AUD,19.93,20.13
20211228,CAD,21.54,21.74
20211228,SGD,20.36,20.54
20211228,CHF,30.02,30.27
20211228,JPY,0.2391,0.2431
20211228,ZAR,1.739,1.819
20211228,SEK,3,3.1
20211228,NZD,18.76,18.96
20211228,THB,0.8104,0.8504
20211228,EUR,31.14,31.54
20211228,CNY,4.317,4.367
20211227,USD,27.66,27.76
20211227,HKD,3.522,3.582
20211227,GBP,36.98,37.38
20211227,AUD,19.93,20.13
20211227,CAD,21.52,21.72
20211227,SGD,20.36,20.54
20211227,CHF,30.03,30.28
20211227,JPY,0.2401,0.2441
20211227,ZAR,1.744,1.824
20211227,SEK,2.99,3.09
20211227,NZD,18.79,18.99
20211227,THB,0.8114,0.8514
20211227,EUR,31.2,31.6
20211227,CNY,4.321,4.371
20211224,USD,27.685,27.785
20211224,HKD,3.526,3.586
20211224,GBP,37.01,37.41
20211224,AUD,19.96,20.16
20211224,CAD,21.53,21.73
20211224,SGD,20.34,20.52
20211224,CHF,30.11,30.36
20211224,JPY,0.2406,0.2446
20211224,ZAR,1.734,1.814
20211224,SEK,3.01,3.11
20211224,NZD,18.81,19.01
20211224,THB,0.8139,0.8539
20211224,EUR,31.24,31.64
20211224,CNY,4.325,4.375
20211223,USD,27.74,27.84
20211223,HKD,3.533,3.593
20211223,GBP,36.97,37.37
20211223,AUD,19.97,20.17
20211223,CAD,21.57,21.77
20211223,SGD,20.34,20.52
20211223,CHF,30.08,30.33
20211223,JPY,0.2413,0.2453
20211223,ZAR,1.725,1.805
20211223,SEK,3.01,3.11
20211223,NZD,18.88,19.08
20211223,THB,0.8124,0.8524
20211223,EUR,31.29,31.69
20211223,CNY,4.332,4.382
20211222,USD,27.76,27.86
20211222,HKD,3.535,3.595
20211222,GBP,36.73,37.13
20211222,AUD,19.75,19.95
20211222,CAD,21.44,21.64
20211222,SGD,20.28,20.46
20211222,CHF,29.93,30.18
20211222,JPY,0.2417,0.2457
20211222,ZAR,1.712,1.792
20211222,SEK,2.99,3.09
20211222,NZD,18.69,18.89
20211222,THB,0.8075,0.8475
20211222,EUR,31.14,31.54
20211222,CNY,4.332,4.382
20211221,USD,27.775,27.875
20211221,HKD,3.537,3.597
20211221,GBP,36.6,37
20211221,AUD,19.68,19.88
20211221,CAD,21.41,21.61
20211221,SGD,20.3,20.48
20211221,CHF,30.07,30.32
20211221,JPY,0.2429,0.2469
20211221,ZAR,1.72,1.8
20211221,SEK,3,3.1
20211221,NZD,18.62,18.82
20211221,THB,0.8089,0.8489
20211221,EUR,31.21,31.61
20211221,CNY,4.337,4.387
20211220,USD,27.785,27.885
20211220,HKD,3.538,3.598
20211220,GBP,36.59,36.99
20211220,AUD,19.64,19.84
20211220,CAD,21.45,21.65
20211220,SGD,20.26,20.44
20211220,CHF,29.99,30.24
20211220,JPY,0.2434,0.2474
20211220,ZAR,1.713,1.793
20211220,SEK,3,3.1
20211220,NZD,18.6,18.8
20211220,THB,0.8152,0.8552
20211220,EUR,31.14,31.54
20211220,CNY,4.332,4.382
20211217,USD,27.725,27.825
20211217,HKD,3.53,3.59
20211217,GBP,36.78,37.18
20211217,AUD,19.78,19.98
20211217,CAD,21.62,21.82
20211217,SGD,20.26,20.44
20211217,CHF,30.07,30.32
20211217,JPY,0.2424,0.2464
20211217,ZAR,1.705,1.785
20211217,SEK,3.03,3.13
20211217,NZD,18.71,18.91
20211217,THB,0.8175,0.8575
20211217,EUR,31.24,31.64
20211217,CNY,4.327,4.377
20211216,USD,27.76,27.86
20211216,HKD,3.534,3.594
20211216,GBP,36.72,37.12
20211216,AUD,19.85,20.05
20211216,CAD,21.63,21.83
20211216,SGD,20.29,20.47
20211216,CHF,29.99,30.24
20211216,JPY,0.2417,0.2457
20211216,ZAR,1.7,1.78
20211216,SEK,3.02,3.12
20211216,NZD,18.81,19.01
20211216,THB,0.8157,0.8557
20211216,EUR,31.25,31.65
20211216,CNY,4.339,4.389
20211215,USD,27.75,27.85
20211215,HKD,3.532,3.592
20211215,GBP,36.65,37.05
20211215,AUD,19.7,19.9
20211215,CAD,21.54,21.74
20211215,SGD,20.23,20.41
20211215,CHF,29.92,30.17
20211215,JPY,0.2425,0.2465
20211215,ZAR,1.683,1.763
20211215,SEK,3,3.1
20211215,NZD,18.65,18.85
20211215,THB,0.817,0.857
20211215,EUR,31.12,31.52
20211215,CNY,4.338,4.388
20211214,USD,27.76,27.86
20211214,HKD,3.534,3.594
20211214,GBP,36.53,36.93
20211214,AUD,19.7,19.9
20211214,CAD,21.63,21.83
20211214,SGD,20.23,20.41
20211214,CHF,29.98,30.23
20211214,JPY,0.2426,0.2466
20211214,ZAR,1.693,1.773
20211214,SEK,3.01,3.11
20211214,NZD,18.69,18.89
20211214,THB,0.8165,0.8565
20211214,EUR,31.15,31.55
20211214,CNY,4.34,4.39
20211213,USD,27.745,27.845
20211213,HKD,3.533,3.593
20211213,GBP,36.6,37
20211213,AUD,19.78,19.98
20211213,CAD,21.73,21.93
20211213,SGD,20.28,20.46
20211213,CHF,29.99,30.24
20211213,JPY,0.2428,0.2468
20211213,ZAR,1.701,1.781
20211213,SEK,3.02,3.12
20211213,NZD,18.76,18.96
20211213,THB,0.8169,0.8569
20211213,EUR,31.19,31.59
20211213,CNY,4.339,4.389
20211210,USD,27.68,27.78
20211210,HKD,3.525,3.585
20211210,GBP,36.46,36.86
20211210,AUD,19.72,19.92
20211210,CAD,21.71,21.91
20211210,SGD,20.21,20.39
20211210,CHF,29.86,30.11
20211210,JPY,0.2422,0.2462
20211210,ZAR,1.688,1.768
20211210,SEK,3.02,3.12
20211210,NZD,18.72,18.92
20211210,THB,0.808,0.848
20211210,EUR,31.12,31.52
20211210,CNY,4.326,4.376
20211209,USD,27.655,27.755
20211209,HKD,3.522,3.582
20211209,GBP,36.39,36.79
20211209,AUD,19.76,19.96
20211209,CAD,21.78,21.98
20211209,SGD,20.23,20.41
20211209,CHF,29.96,30.21
20211209,JPY,0.2422,0.2462
20211209,ZAR,1.723,1.803
20211209,SEK,3.02,3.12
20211209,NZD,18.78,18.98
20211209,THB,0.8127,0.8527
20211209,EUR,31.17,31.57
20211209,CNY,4.343,4.393
20211208,USD,27.69,27.79
20211208,HKD,3.527,3.587
20211208,GBP,36.56,36.96
20211208,AUD,19.67,19.87
20211208,CAD,21.84,22.04
20211208,SGD,20.24,20.42
20211208,CHF,29.89,30.14
20211208,JPY,0.2426,0.2466
20211208,ZAR,1.711,1.791
20211208,SEK,3.01,3.11
20211208,NZD,18.73,18.93
20211208,THB,0.8118,0.8518
20211208,EUR,31.12,31.52
20211208,CNY,4.339,4.389
20211207,USD,27.725,27.825
20211207,HKD,3.531,3.591
20211207,GBP,36.71,37.11
20211207,AUD,19.59,19.79
20211207,CAD,21.73,21.93
20211207,SGD,20.24,20.42
20211207,CHF,29.91,30.16
20211207,JPY,0.2425,0.2465
20211207,ZAR,1.708,1.788
20211207,SEK,3.02,3.12
20211207,NZD,18.7,18.9
20211207,THB,0.8096,0.8496
20211207,EUR,31.16,31.56
20211207,CNY,4.336,4.386
20211206,USD,27.69,27.79
20211206,HKD,3.526,3.586
20211206,GBP,36.52,36.92
20211206,AUD,19.35,19.55
20211206,CAD,21.54,21.74
20211206,SGD,20.16,20.34
20211206,CHF,29.96,30.21
20211206,JPY,0.2432,0.2472
20211206,ZAR,1.689,1.769
20211206,SEK,2.99,3.09
20211206,NZD,18.62,18.82
20211206,THB,0.8036,0.8436
20211206,EUR,31.08,31.48
20211206,CNY,4.327,4.377
20211203,USD,27.665,27.765
20211203,HKD,3.527,3.587
20211203,GBP,36.61,37.01
20211203,AUD,19.48,19.68
20211203,CAD,21.53,21.73
20211203,SGD,20.13,20.31
20211203,CHF,29.94,30.19
20211203,JPY,0.2424,0.2464
20211203,ZAR,1.695,1.775
20211203,SEK,3,3.1
20211203,NZD,18.71,18.91
20211203,THB,0.8046,0.8446
20211203,EUR,31.1,31.5
20211203,CNY,4.325,4.375
20211202,USD,27.695,27.795
20211202,HKD,3.531,3.591
20211202,GBP,36.67,37.07
20211202,AUD,19.61,19.81
20211202,CAD,21.6,21.8
20211202,SGD,20.21,20.39
20211202,CHF,29.97,30.22
20211202,JPY,0.243,0.247
20211202,ZAR,1.696,1.776
20211202,SEK,3.01,3.11
20211202,NZD,18.8,19
20211202,THB,0.8042,0.8442
20211202,EUR,31.19,31.59
20211202,CNY,4.325,4.375
20211201,USD,27.71,27.81
20211201,HKD,3.53,3.59
20211201,GBP,36.79,37.19
20211201,AUD,19.74,19.94
20211201,CAD,21.66,21.86
20211201,SGD,20.28,20.46
20211201,CHF,30.08,30.33
20211201,JPY,0.2429,0.2469
20211201,ZAR,1.71,1.79
20211201,SEK,3.04,3.14
20211201,NZD,18.92,19.12
20211201,THB,0.808,0.848
20211201,EUR,31.28,31.68
20211201,CNY,4.334,4.384
20211130,USD,27.75,27.85
20211130,HKD,3.533,3.593
20211130,GBP,36.88,37.28
20211130,AUD,19.69,19.89
20211130,CAD,21.64,21.84
20211130,SGD,20.23,20.41
20211130,CHF,30.06,30.31
20211130,JPY,0.2437,0.2477
20211130,ZAR,1.684,1.764
20211130,SEK,3.03,3.13
20211130,NZD,18.84,19.04
20211130,THB,0.8089,0.8489
20211130,EUR,31.3,31.7
20211130,CNY,4.335,4.385
20211129,USD,27.75,27.85
20211129,HKD,3.534,3.594
20211129,GBP,36.87,37.27
20211129,AUD,19.77,19.97
20211129,CAD,21.73,21.93
20211129,SGD,20.22,20.4
20211129,CHF,29.86,30.11
20211129,JPY,0.2428,0.2468
20211129,ZAR,1.682,1.762
20211129,SEK,3,3.1
20211129,NZD,18.9,19.1
20211129,THB,0.8084,0.8484
20211129,EUR,31.11,31.51
20211129,CNY,4.328,4.378
20211126,USD,27.78,27.88
20211126,HKD,3.539,3.599
20211126,GBP,36.82,37.22
20211126,AUD,19.72,19.92
20211126,CAD,21.74,21.94
20211126,SGD,20.22,20.4
20211126,CHF,29.81,30.06
20211126,JPY,0.2418,0.2458
20211126,ZAR,1.669,1.749
20211126,SEK,3,3.1
20211126,NZD,18.87,19.07
20211126,THB,0.8148,0.8548
20211126,EUR,31.08,31.48
20211126,CNY,4.326,4.376
20211125,USD,27.745,27.845
20211125,HKD,3.534,3.594
20211125,GBP,36.92,37.32
20211125,AUD,19.91,20.11
20211125,CAD,21.89,22.09
20211125,SGD,20.24,20.42
20211125,CHF,29.65,29.9
20211125,JPY,0.239,0.243
20211125,ZAR,1.715,1.795
20211125,SEK,3.01,3.11
20211125,NZD,19.01,19.21
20211125,THB,0.8184,0.8584
20211125,EUR,30.98,31.38
20211125,CNY,4.325,4.375
20211124,USD,27.74,27.84
20211124,HKD,3.535,3.595
20211124,GBP,36.97,37.37
20211124,AUD,19.94,20.14
20211124,CAD,21.81,22.01
20211124,SGD,20.26,20.44
20211124,CHF,29.63,29.88
20211124,JPY,0.2399,0.2439
20211124,ZAR,1.713,1.793
20211124,SEK,3.02,3.12
20211124,NZD,19.1,19.3
20211124,THB,0.8191,0.8591
20211124,EUR,31.04,31.44
20211124,CNY,4.323,4.373
20211123,USD,27.75,27.85
20211123,HKD,3.537,3.597
20211123,GBP,37.05,37.45
20211123,AUD,19.98,20.18
20211123,CAD,21.77,21.97
20211123,SGD,20.27,20.45
20211123,CHF,29.72,29.97
20211123,JPY,0.2404,0.2444
20211123,ZAR,1.715,1.795
20211123,SEK,3.04,3.14
20211123,NZD,19.2,19.4
20211123,THB,0.8264,0.8664
20211123,EUR,31.07,31.47
20211123,CNY,4.329,4.379
20211122,USD,27.73,27.83
20211122,HKD,3.535,3.595
20211122,GBP,37.13,37.53
20211122,AUD,20.04,20.24
20211122,CAD,21.88,22.08
20211122,SGD,20.31,20.49
20211122,CHF,29.75,30
20211122,JPY,0.2412,0.2452
20211122,ZAR,1.726,1.806
20211122,SEK,3.05,3.15
20211122,NZD,19.38,19.58
20211122,THB,0.8306,0.8706
20211122,EUR,31.1,31.5
20211122,CNY,4.326,4.376
20211119,USD,27.735,27.835
20211119,HKD,3.536,3.596
20211119,GBP,37.3,37.7
20211119,AUD,20.13,20.33
20211119,CAD,21.97,22.17
20211119,SGD,20.37,20.55
20211119,CHF,29.84,30.09
20211119,JPY,0.241,0.245
20211119,ZAR,1.738,1.818
20211119,SEK,3.08,3.18
20211119,NZD,19.45,19.65
20211119,THB,0.8359,0.8759
20211119,EUR,31.33,31.73
20211119,CNY,4.327,4.377
20211118,USD,27.75,27.85
20211118,HKD,3.539,3.599
20211118,GBP,37.37,37.77
20211118,AUD,20.16,20.36
20211118,CAD,21.96,22.16
20211118,SGD,20.41,20.59
20211118,CHF,29.83,30.08
20211118,JPY,0.2419,0.2459
20211118,ZAR,1.757,1.837
20211118,SEK,3.1,3.2
20211118,NZD,19.49,19.69
20211118,THB,0.8381,0.8781
20211118,EUR,31.31,31.71
20211118,CNY,4.334,4.384
20211117,USD,27.76,27.86
20211117,HKD,3.54,3.6
20211117,GBP,37.21,37.61
20211117,AUD,20.18,20.38
20211117,CAD,22.07,22.27
20211117,SGD,20.39,20.57
20211117,CHF,29.72,29.97
20211117,JPY,0.2401,0.2441
20211117,ZAR,1.756,1.836
20211117,SEK,3.08,3.18
20211117,NZD,19.4,19.6
20211117,THB,0.8336,0.8736
20211117,EUR,31.24,31.64
20211117,CNY,4.328,4.378
20211116,USD,27.74,27.84
20211116,HKD,3.538,3.598
20211116,GBP,37.22,37.62
20211116,AUD,20.29,20.49
20211116,CAD,22.11,22.31
20211116,SGD,20.44,20.62
20211116,CHF,29.89,30.14
20211116,JPY,0.2413,0.2453
20211116,ZAR,1.78,1.86
20211116,SEK,3.12,3.22
20211116,NZD,19.45,19.65
20211116,THB,0.834,0.874
20211116,EUR,31.42,31.82
20211116,CNY,4.332,4.382
20211115,USD,27.73,27.83
20211115,HKD,3.535,3.595
20211115,GBP,37.1,37.5
20211115,AUD,20.32,20.52
20211115,CAD,22.07,22.27
20211115,SGD,20.47,20.65
20211115,CHF,30.06,30.31
20211115,JPY,0.2419,0.2459
20211115,ZAR,1.781,1.861
20211115,SEK,3.13,3.23
20211115,NZD,19.51,19.71
20211115,THB,0.8332,0.8732
20211115,EUR,31.61,32.01
20211115,CNY,4.33,4.38
20211112,USD,27.785,27.885
20211112,HKD,3.541,3.601
20211112,GBP,37.07,37.47
20211112,AUD,20.23,20.43
20211112,CAD,22.04,22.24
20211112,SGD,20.48,20.66
20211112,CHF,30.08,30.33
20211112,JPY,0.2421,0.2461
20211112,ZAR,1.775,1.855
20211112,SEK,3.15,3.25
20211112,NZD,19.47,19.67
20211112,THB,0.8334,0.8734
20211112,EUR,31.67,32.07
20211112,CNY,4.332,4.382
20211111,USD,27.78,27.88
20211111,HKD,3.542,3.602
20211111,GBP,37.08,37.48
20211111,AUD,20.22,20.42
20211111,CAD,22.13,22.33
20211111,SGD,20.44,20.62
20211111,CHF,30.12,30.37
20211111,JPY,0.2421,0.2461
20211111,ZAR,1.766,1.846
20211111,SEK,3.14,3.24
20211111,NZD,19.47,19.67
20211111,THB,0.8307,0.8707
20211111,EUR,31.7,32.1
20211111,CNY,4.32,4.37
20211110,USD,27.725,27.825
20211110,HKD,3.535,3.595
20211110,GBP,37.47,37.87
20211110,AUD,20.34,20.54
20211110,CAD,22.28,22.48
20211110,SGD,20.53,20.71
20211110,CHF,30.29,30.54
20211110,JPY,0.2436,0.2476
20211110,ZAR,1.798,1.878
20211110,SEK,3.19,3.29
20211110,NZD,19.65,19.85
20211110,THB,0.8332,0.8732
20211110,EUR,31.94,32.34
20211110,CNY,4.319,4.369
20211109,USD,27.705,27.805
20211109,HKD,3.533,3.593
20211109,GBP,37.46,37.86
20211109,AUD,20.48,20.68
20211109,CAD,22.22,22.42
20211109,SGD,20.53,20.71
20211109,CHF,30.27,30.52
20211109,JPY,0.244,0.248
20211109,ZAR,1.818,1.898
20211109,SEK,3.19,3.29
20211109,NZD,19.76,19.96
20211109,THB,0.8309,0.8709
20211109,EUR,31.98,32.38
20211109,CNY,4.315,4.365
20211108,USD,27.785,27.885
20211108,HKD,3.544,3.604
20211108,GBP,37.34,37.74
20211108,AUD,20.5,20.7
20211108,CAD,22.27,22.47
20211108,SGD,20.54,20.72
20211108,CHF,30.31,30.56
20211108,JPY,0.2431,0.2471
20211108,ZAR,1.812,1.892
20211108,SEK,3.2,3.3
20211108,NZD,19.79,19.99
20211108,THB,0.8266,0.8666
20211108,EUR,31.99,32.39
20211108,CNY,4.326,4.376
20211105,USD,27.82,27.92
20211105,HKD,3.55,3.61
20211105,GBP,37.44,37.84
20211105,AUD,20.49,20.69
20211105,CAD,22.27,22.47
20211105,SGD,20.52,20.7
20211105,CHF,30.36,30.61
20211105,JPY,0.243,0.247
20211105,ZAR,1.784,1.864
20211105,SEK,3.2,3.3
20211105,NZD,19.65,19.85
20211105,THB,0.8218,0.8618
20211105,EUR,32.02,32.42
20211105,CNY,4.33,4.38
20211104,USD,27.81,27.91
20211104,HKD,3.549,3.609
20211104,GBP,37.86,38.26
20211104,AUD,20.62,20.82
20211104,CAD,22.39,22.59
20211104,SGD,20.55,20.73
20211104,CHF,30.35,30.6
20211104,JPY,0.242,0.246
20211104,ZAR,1.785,1.865
20211104,SEK,3.21,3.31
20211104,NZD,19.81,20.01
20211104,THB,0.8181,0.8581
20211104,EUR,32.03,32.43
20211104,CNY,4.331,4.381
20211103,USD,27.8,27.9
20211103,HKD,3.549,3.609
20211103,GBP,37.75,38.15
20211103,AUD,20.63,20.83
20211103,CAD,22.33,22.53
20211103,SGD,20.55,20.73
20211103,CHF,30.34,30.59
20211103,JPY,0.2425,0.2465
20211103,ZAR,1.768,1.848
20211103,SEK,3.2,3.3
20211103,NZD,19.77,19.97
20211103,THB,0.821,0.861
20211103,EUR,32.06,32.46
20211103,CNY,4.327,4.377
20211102,USD,27.795,27.895
20211102,HKD,3.548,3.608
20211102,GBP,37.85,38.25
20211102,AUD,20.7,20.9
20211102,CAD,22.38,22.58
20211102,SGD,20.58,20.76
20211102,CHF,30.46,30.71
20211102,JPY,0.243,0.247
20211102,ZAR,1.771,1.851
20211102,SEK,3.22,3.32
20211102,NZD,19.88,20.08
20211102,THB,0.8224,0.8624
20211102,EUR,32.13,32.53
20211102,CNY,4.328,4.378
20211101,USD,27.795,27.895
20211101,HKD,3.548,3.608
20211101,GBP,37.83,38.23
20211101,AUD,20.76,20.96
20211101,CAD,22.36,22.56
20211101,SGD,20.53,20.71
20211101,CHF,30.25,30.5
20211101,JPY,0.2414,0.2454
20211101,ZAR,1.777,1.857
20211101,SEK,3.19,3.29
20211101,NZD,19.86,20.06
20211101,THB,0.8178,0.8578
20211101,EUR,32,32.4
20211101,CNY,4.324,4.374
20211029,USD,27.76,27.86
20211029,HKD,3.546,3.606
20211029,GBP,38.16,38.56
20211029,AUD,20.88,21.08
20211029,CAD,22.44,22.64
20211029,SGD,20.61,20.79
20211029,CHF,30.4,30.65
20211029,JPY,0.2428,0.2468
20211029,ZAR,1.786,1.866
20211029,SEK,3.22,3.32
20211029,NZD,19.91,20.11
20211029,THB,0.8236,0.8636
20211029,EUR,32.26,32.66
20211029,CNY,4.328,4.378
20211028,USD,27.77,27.87
20211028,HKD,3.547,3.607
20211028,GBP,38.1,38.5
20211028,AUD,20.81,21.01
20211028,CAD,22.39,22.59
20211028,SGD,20.57,20.75
20211028,CHF,30.19,30.44
20211028,JPY,0.243,0.247
20211028,ZAR,1.804,1.884
20211028,SEK,3.2,3.3
20211028,NZD,19.88,20.08
20211028,THB,0.8209,0.8609
20211028,EUR,32.1,32.5
20211028,CNY,4.325,4.375
20211027,USD,27.76,27.86
20211027,HKD,3.545,3.605
20211027,GBP,38.07,38.47
20211027,AUD,20.8,21
20211027,CAD,22.34,22.54
20211027,SGD,20.54,20.72
20211027,CHF,30.16,30.41
20211027,JPY,0.2426,0.2466
20211027,ZAR,1.82,1.9
20211027,SEK,3.19,3.29
20211027,NZD,19.81,20.01
20211027,THB,0.821,0.861
20211027,EUR,32.08,32.48
20211027,CNY,4.331,4.381
20211026,USD,27.78,27.88
20211026,HKD,3.549,3.609
20211026,GBP,38.14,38.54
20211026,AUD,20.75,20.95
20211026,CAD,22.37,22.57
20211026,SGD,20.55,20.73
20211026,CHF,30.03,30.28
20211026,JPY,0.2421,0.2461
20211026,ZAR,1.849,1.929
20211026,SEK,3.18,3.28
20211026,NZD,19.82,20.02
20211026,THB,0.8238,0.8638
20211026,EUR,32.09,32.49
20211026,CNY,4.335,4.385
20211025,USD,27.81,27.91
20211025,HKD,3.553,3.613
20211025,GBP,38.23,38.63
20211025,AUD,20.79,20.99
20211025,CAD,22.48,22.68
20211025,SGD,20.64,20.82
20211025,CHF,30.26,30.51
20211025,JPY,0.2432,0.2472
20211025,ZAR,1.84,1.92
20211025,SEK,3.2,3.3
20211025,NZD,19.9,20.1
20211025,THB,0.8266,0.8666
20211025,EUR,32.28,32.68
20211025,CNY,4.344,4.394
20211022,USD,27.835,27.935
20211022,HKD,3.556,3.616
20211022,GBP,38.23,38.63
20211022,AUD,20.8,21
20211022,CAD,22.5,22.7
20211022,SGD,20.65,20.83
20211022,CHF,30.27,30.52
20211022,JPY,0.2429,0.2469
20211022,ZAR,1.867,1.947
20211022,SEK,3.2,3.3
20211022,NZD,19.93,20.13
20211022,THB,0.8223,0.8623
20211022,EUR,32.27,32.67
20211022,CNY,4.34,4.39
20211021,USD,27.855,27.955
20211021,HKD,3.559,3.619
20211021,GBP,38.37,38.77
20211021,AUD,20.8,21
20211021,CAD,22.54,22.74
20211021,SGD,20.66,20.84
20211021,CHF,30.19,30.44
20211021,JPY,0.2426,0.2466
20211021,ZAR,1.887,1.967
20211021,SEK,3.2,3.3
20211021,NZD,19.93,20.13
20211021,THB,0.8204,0.8604
20211021,EUR,32.29,32.69
20211021,CNY,4.337,4.387
20211020,USD,27.865,27.965
20211020,HKD,3.559,3.619
20211020,GBP,38.26,38.66
20211020,AUD,20.8,21
20211020,CAD,22.51,22.71
20211020,SGD,20.67,20.85
20211020,CHF,30.05,30.3
20211020,JPY,0.2422,0.2462
20211020,ZAR,1.877,1.957
20211020,SEK,3.19,3.29
20211020,NZD,19.91,20.11
20211020,THB,0.8205,0.8605
20211020,EUR,32.26,32.66
20211020,CNY,4.343,4.393
20211019,USD,27.875,27.975
20211019,HKD,3.56,3.62
20211019,GBP,38.29,38.69
20211019,AUD,20.74,20.94
20211019,CAD,22.55,22.75
20211019,SGD,20.69,20.87
20211019,CHF,30.2,30.45
20211019,JPY,0.243,0.247
20211019,ZAR,1.873,1.953
20211019,SEK,3.2,3.3
20211019,NZD,19.84,20.04
20211019,THB,0.8237,0.8637
20211019,EUR,32.35,32.75
20211019,CNY,4.339,4.389
20211018,USD,27.95,28.05
20211018,HKD,3.569,3.629
20211018,GBP,38.3,38.7
20211018,AUD,20.63,20.83
20211018,CAD,22.51,22.71
20211018,SGD,20.65,20.83
20211018,CHF,30.13,30.38
20211018,JPY,0.2431,0.2471
20211018,ZAR,1.865,1.945
20211018,SEK,3.19,3.29
20211018,NZD,19.7,19.9
20211018,THB,0.8216,0.8616
20211018,EUR,32.27,32.67
20211018,CNY,4.328,4.378
20211015,USD,27.98,28.08
20211015,HKD,3.572,3.632
20211015,GBP,38.27,38.67
20211015,AUD,20.7,20.9
20211015,CAD,22.61,22.81
20211015,SGD,20.71,20.89
20211015,CHF,30.22,30.47
20211015,JPY,0.2437,0.2477
20211015,ZAR,1.865,1.945
20211015,SEK,3.21,3.31
20211015,NZD,19.67,19.87
20211015,THB,0.8277,0.8677
20211015,EUR,32.35,32.75
20211015,CNY,4.337,4.387
20211014,USD,28.035,28.135
20211014,HKD,3.58,3.64
20211014,GBP,38.29,38.69
20211014,AUD,20.68,20.88
20211014,CAD,22.56,22.76
20211014,SGD,20.75,20.93
20211014,CHF,30.37,30.62
20211014,JPY,0.2457,0.2497
20211014,ZAR,1.864,1.944
20211014,SEK,3.2,3.3
20211014,NZD,19.58,19.78
20211014,THB,0.8313,0.8713
20211014,EUR,32.41,32.81
20211014,CNY,4.34,4.39
20211013,USD,28.08,28.18
20211013,HKD,3.585,3.645
20211013,GBP,38.13,38.53
20211013,AUD,20.57,20.77
20211013,CAD,22.51,22.71
20211013,SGD,20.7,20.88
20211013,CHF,30.13,30.38
20211013,JPY,0.2457,0.2497
20211013,ZAR,1.843,1.923
20211013,SEK,3.16,3.26
20211013,NZD,19.44,19.64
20211013,THB,0.8313,0.8713
20211013,EUR,32.29,32.69
20211013,CNY,4.336,4.386
20211012,USD,28.095,28.195
20211012,HKD,3.586,3.646
20211012,GBP,38.05,38.45
20211012,AUD,20.6,20.8
20211012,CAD,22.46,22.66
20211012,SGD,20.66,20.84
20211012,CHF,30.21,30.46
20211012,JPY,0.2465,0.2505
20211012,ZAR,1.832,1.912
20211012,SEK,3.17,3.27
20211012,NZD,19.46,19.66
20211012,THB,0.8261,0.8661
20211012,EUR,32.33,32.73
20211012,CNY,4.331,4.381
20211008,USD,27.985,28.085
20211008,HKD,3.57,3.63
20211008,GBP,37.92,38.32
20211008,AUD,20.34,20.54
20211008,CAD,22.25,22.45
20211008,SGD,20.55,20.73
20211008,CHF,30.01,30.26
20211008,JPY,0.2484,0.2524
20211008,ZAR,1.835,1.915
20211008,SEK,3.14,3.24
20211008,NZD,19.29,19.49
20211008,THB,0.8126,0.8526
20211008,EUR,32.18,32.58
20211008,CNY,4.318,4.368
20211007,USD,27.895,27.995
20211007,HKD,3.559,3.619
20211007,GBP,37.75,38.15
20211007,AUD,20.28,20.48
20211007,CAD,22.12,22.32
20211007,SGD,20.5,20.68
20211007,CHF,30.01,30.26
20211007,JPY,0.2491,0.2531
20211007,ZAR,1.831,1.911
20211007,SEK,3.14,3.24
20211007,NZD,19.27,19.47
20211007,THB,0.813,0.853
20211007,EUR,32.12,32.52
20211007,CNY,4.308,4.358
20211006,USD,27.91,28.01
20211006,HKD,3.56,3.62
20211006,GBP,37.74,38.14
20211006,AUD,20.12,20.32
20211006,CAD,22.03,22.23
20211006,SGD,20.45,20.63
20211006,CHF,29.91,30.16
20211006,JPY,0.2484,0.2524
20211006,ZAR,1.801,1.881
20211006,SEK,3.13,3.23
20211006,NZD,19.17,19.37
20211006,THB,0.8078,0.8478
20211006,EUR,32.12,32.52
20211006,CNY,4.3,4.35
20211005,USD,27.835,27.935
20211005,HKD,3.552,3.612
20211005,GBP,37.77,38.17
20211005,AUD,20.17,20.37
20211005,CAD,22.03,22.23
20211005,SGD,20.46,20.64
20211005,CHF,29.96,30.21
20211005,JPY,0.2491,0.2531
20211005,ZAR,1.81,1.89
20211005,SEK,3.15,3.25
20211005,NZD,19.29,19.49
20211005,THB,0.8101,0.8501
20211005,EUR,32.14,32.54
20211005,CNY,4.3,4.35
20211004,USD,27.805,27.905
20211004,HKD,3.547,3.607
20211004,GBP,37.6,38
20211004,AUD,20.14,20.34
20211004,CAD,21.97,22.17
20211004,SGD,20.43,20.61
20211004,CHF,29.82,30.07
20211004,JPY,0.2486,0.2526
20211004,ZAR,1.824,1.904
20211004,SEK,3.14,3.24
20211004,NZD,19.26,19.46
20211004,THB,0.8094,0.8494
20211004,EUR,32.15,32.55
20211004,CNY,4.291,4.341
20211001,USD,27.81,27.91
20211001,HKD,3.548,3.608
20211001,GBP,37.31,37.71
20211001,AUD,19.97,20.17
20211001,CAD,21.79,21.99
20211001,SGD,20.41,20.59
20211001,CHF,29.76,30.01
20211001,JPY,0.2485,0.2525
20211001,ZAR,1.816,1.896
20211001,SEK,3.13,3.23
20211001,NZD,19.08,19.28
20211001,THB,0.8129,0.8529
20211001,EUR,32.06,32.46
20211001,CNY,4.307,4.357
20210930,USD,27.8,27.9
20210930,HKD,3.546,3.606
20210930,GBP,37.26,37.66
20210930,AUD,19.97,20.17
20210930,CAD,21.81,22.01
20210930,SGD,20.38,20.56
20210930,CHF,29.69,29.94
20210930,JPY,0.247,0.251
20210930,ZAR,1.802,1.882
20210930,SEK,3.12,3.22
20210930,NZD,19.08,19.28
20210930,THB,0.8084,0.8484
20210930,EUR,32.12,32.52
20210930,CNY,4.28,4.33
20210929,USD,27.745,27.845
20210929,HKD,3.541,3.601
20210929,GBP,37.4,37.8
20210929,AUD,20.06,20.26
20210929,CAD,21.82,22.02
20210929,SGD,20.39,20.57
20210929,CHF,29.79,30.04
20210929,JPY,0.2478,0.2518
20210929,ZAR,1.814,1.894
20210929,SEK,3.13,3.23
20210929,NZD,19.23,19.43
20210929,THB,0.8067,0.8467
20210929,EUR,32.23,32.63
20210929,CNY,4.27,4.32
20210928,USD,27.72,27.82
20210928,HKD,3.537,3.597
20210928,GBP,37.79,38.19
20210928,AUD,20.1,20.3
20210928,CAD,21.89,22.09
20210928,SGD,20.4,20.58
20210928,CHF,29.78,30.03
20210928,JPY,0.2476,0.2516
20210928,ZAR,1.805,1.885
20210928,SEK,3.14,3.24
20210928,NZD,19.31,19.51
20210928,THB,0.8085,0.8485
20210928,EUR,32.26,32.66
20210928,CNY,4.274,4.324
20210927,USD,27.665,27.765
20210927,HKD,3.53,3.59
20210927,GBP,37.73,38.13
20210927,AUD,20.02,20.22
20210927,CAD,21.83,22.03
20210927,SGD,20.38,20.56
20210927,CHF,29.7,29.95
20210927,JPY,0.2482,0.2522
20210927,ZAR,1.802,1.882
20210927,SEK,3.15,3.25
20210927,NZD,19.32,19.52
20210927,THB,0.8121,0.8521
20210927,EUR,32.21,32.61
20210927,CNY,4.263,4.313
20210924,USD,27.675,27.775
20210924,HKD,3.531,3.591
20210924,GBP,37.83,38.23
20210924,AUD,20.08,20.28
20210924,CAD,21.76,21.96
20210924,SGD,20.43,20.61
20210924,CHF,29.86,30.11
20210924,JPY,0.249,0.253
20210924,ZAR,1.821,1.901
20210924,SEK,3.17,3.27
20210924,NZD,19.45,19.65
20210924,THB,0.8154,0.8554
20210924,EUR,32.35,32.75
20210924,CNY,4.264,4.314
20210923,USD,27.71,27.81
20210923,HKD,3.535,3.595
20210923,GBP,37.72,38.12
20210923,AUD,20.05,20.25
20210923,CAD,21.8,22
20210923,SGD,20.47,20.65
20210923,CHF,29.85,30.1
20210923,JPY,0.2505,0.2545
20210923,ZAR,1.85,1.93
20210923,SEK,3.16,3.26
20210923,NZD,19.41,19.61
20210923,THB,0.8157,0.8557
20210923,EUR,32.32,32.72
20210923,CNY,4.267,4.317
20210922,USD,27.71,27.81
20210922,HKD,3.535,3.595
20210922,GBP,37.68,38.08
20210922,AUD,20,20.2
20210922,CAD,21.58,21.78
20210922,SGD,20.45,20.63
20210922,CHF,29.94,30.19
20210922,JPY,0.2517,0.2557
20210922,ZAR,1.838,1.918
20210922,SEK,3.15,3.25
20210922,NZD,19.4,19.6
20210922,THB,0.816,0.856
20210922,EUR,32.36,32.76
20210922,CNY,4.263,4.313
20210917,USD,27.665,27.765
20210917,HKD,3.53,3.59
20210917,GBP,38.03,38.43
20210917,AUD,20.17,20.37
20210917,CAD,21.81,22.01
20210917,SGD,20.51,20.69
20210917,CHF,29.78,30.03
20210917,JPY,0.2501,0.2541
20210917,ZAR,1.859,1.939
20210917,SEK,3.17,3.27
20210917,NZD,19.52,19.72
20210917,THB,0.8196,0.8596
20210917,EUR,32.43,32.83
20210917,CNY,4.271,4.321
20210916,USD,27.65,27.75
20210916,HKD,3.528,3.588
20210916,GBP,38.09,38.49
20210916,AUD,20.15,20.35
20210916,CAD,21.82,22.02
20210916,SGD,20.54,20.72
20210916,CHF,29.91,30.16
20210916,JPY,0.2514,0.2554
20210916,ZAR,1.871,1.951
20210916,SEK,3.17,3.27
20210916,NZD,19.61,19.81
20210916,THB,0.8247,0.8647
20210916,EUR,32.44,32.84
20210916,CNY,4.274,4.324
20210915,USD,27.625,27.725
20210915,HKD,3.527,3.587
20210915,GBP,38.09,38.49
20210915,AUD,20.16,20.36
20210915,CAD,21.73,21.93
20210915,SGD,20.54,20.72
20210915,CHF,29.97,30.22
20210915,JPY,0.2509,0.2549
20210915,ZAR,1.892,1.972
20210915,SEK,3.17,3.27
20210915,NZD,19.55,19.75
20210915,THB,0.8268,0.8668
20210915,EUR,32.51,32.91
20210915,CNY,4.276,4.326
20210914,USD,27.645,27.745
20210914,HKD,3.53,3.59
20210914,GBP,38.25,38.65
20210914,AUD,20.26,20.46
20210914,CAD,21.81,22.01
20210914,SGD,20.56,20.74
20210914,CHF,29.93,30.18
20210914,JPY,0.2498,0.2538
20210914,ZAR,1.915,1.995
20210914,SEK,3.19,3.29
20210914,NZD,19.63,19.83
20210914,THB,0.8258,0.8658
20210914,EUR,32.56,32.96
20210914,CNY,4.276,4.326
20210913,USD,27.655,27.755
20210913,HKD,3.531,3.591
20210913,GBP,38.09,38.49
20210913,AUD,20.28,20.48
20210913,CAD,21.76,21.96
20210913,SGD,20.54,20.72
20210913,CHF,29.97,30.22
20210913,JPY,0.2497,0.2537
20210913,ZAR,1.916,1.996
20210913,SEK,3.16,3.26
20210913,NZD,19.62,19.82
20210913,THB,0.8279,0.8679
20210913,EUR,32.46,32.86
20210913,CNY,4.27,4.32
20210911,USD,27.655,27.755
20210911,HKD,3.532,3.592
20210911,GBP,38.16,38.56
20210911,AUD,20.27,20.47
20210911,CAD,21.74,21.94
20210911,SGD,20.57,20.75
20210911,CHF,30.05,30.3
20210911,JPY,0.2501,0.2541
20210911,ZAR,1.909,1.989
20210911,SEK,3.16,3.26
20210911,NZD,19.61,19.81
20210911,THB,0.8319,0.8719
20210911,EUR,32.54,32.94
20210911,CNY,4.274,4.324
20210910,USD,27.61,27.71
20210910,HKD,3.527,3.587
20210910,GBP,38.19,38.59
20210910,AUD,20.36,20.56
20210910,CAD,21.83,22.03
20210910,SGD,20.57,20.75
20210910,CHF,30.06,30.31
20210910,JPY,0.2496,0.2536
20210910,ZAR,1.921,2.001
20210910,SEK,3.17,3.27
20210910,NZD,19.67,19.87
20210910,THB,0.8324,0.8724
20210910,EUR,32.56,32.96
20210910,CNY,4.274,4.324
20210909,USD,27.665,27.765
20210909,HKD,3.533,3.593
20210909,GBP,38.03,38.43
20210909,AUD,20.34,20.54
20210909,CAD,21.72,21.92
20210909,SGD,20.54,20.72
20210909,CHF,29.99,30.24
20210909,JPY,0.2501,0.2541
20210909,ZAR,1.922,2.002
20210909,SEK,3.17,3.27
20210909,NZD,19.62,19.82
20210909,THB,0.8319,0.8719
20210909,EUR,32.57,32.97
20210909,CNY,4.269,4.319
20210908,USD,27.685,27.785
20210908,HKD,3.536,3.596
20210908,GBP,37.98,38.38
20210908,AUD,20.31,20.51
20210908,CAD,21.77,21.97
20210908,SGD,20.52,20.7
20210908,CHF,30.04,30.29
20210908,JPY,0.2496,0.2536
20210908,ZAR,1.894,1.974
20210908,SEK,3.18,3.28
20210908,NZD,19.56,19.76
20210908,THB,0.8301,0.8701
20210908,EUR,32.62,33.02
20210908,CNY,4.267,4.317
20210907,USD,27.58,27.68
20210907,HKD,3.524,3.584
20210907,GBP,38.03,38.43
20210907,AUD,20.41,20.61
20210907,CAD,21.92,22.12
20210907,SGD,20.5,20.68
20210907,CHF,30.1,30.35
20210907,JPY,0.2494,0.2534
20210907,ZAR,1.895,1.975
20210907,SEK,3.19,3.29
20210907,NZD,19.59,19.79
20210907,THB,0.8355,0.8755
20210907,EUR,32.62,33.02
20210907,CNY,4.255,4.305
20210906,USD,27.58,27.68
20210906,HKD,3.524,3.584
20210906,GBP,38.05,38.45
20210906,AUD,20.43,20.63
20210906,CAD,21.94,22.14
20210906,SGD,20.5,20.68
20210906,CHF,30.03,30.28
20210906,JPY,0.2495,0.2535
20210906,ZAR,1.892,1.972
20210906,SEK,3.18,3.28
20210906,NZD,19.63,19.83
20210906,THB,0.8369,0.8769
20210906,EUR,32.58,32.98
20210906,CNY,4.26,4.31
20210903,USD,27.635,27.735
20210903,HKD,3.532,3.592
20210903,GBP,38.09,38.49
20210903,AUD,20.46,20.66
20210903,CAD,21.97,22.17
20210903,SGD,20.53,20.71
20210903,CHF,30.15,30.4
20210903,JPY,0.2497,0.2537
20210903,ZAR,1.876,1.956
20210903,SEK,3.19,3.29
20210903,NZD,19.63,19.83
20210903,THB,0.8333,0.8733
20210903,EUR,32.68,33.08
20210903,CNY,4.265,4.315
20210902,USD,27.67,27.77
20210902,HKD,3.534,3.594
20210902,GBP,38.04,38.44
20210902,AUD,20.37,20.57
20210902,CAD,21.92,22.12
20210902,SGD,20.53,20.71
20210902,CHF,30.16,30.41
20210902,JPY,0.25,0.254
20210902,ZAR,1.893,1.973
20210902,SEK,3.18,3.28
20210902,NZD,19.53,19.73
20210902,THB,0.8391,0.8791
20210902,EUR,32.64,33.04
20210902,CNY,4.269,4.319
20210901,USD,27.685,27.785
20210901,HKD,3.535,3.595
20210901,GBP,37.97,38.37
20210901,AUD,20.27,20.47
20210901,CAD,21.94,22.14
20210901,SGD,20.51,20.69
20210901,CHF,30.09,30.34
20210901,JPY,0.2493,0.2533
20210901,ZAR,1.878,1.958
20210901,SEK,3.17,3.27
20210901,NZD,19.49,19.69
20210901,THB,0.8419,0.8819
20210901,EUR,32.55,32.95
20210901,CNY,4.268,4.318
20210831,USD,27.7,27.8
20210831,HKD,3.535,3.595
20210831,GBP,38.06,38.46
20210831,AUD,20.23,20.43
20210831,CAD,21.95,22.15
20210831,SGD,20.57,20.75
20210831,CHF,30.18,30.43
20210831,JPY,0.2507,0.2547
20210831,ZAR,1.864,1.944
20210831,SEK,3.18,3.28
20210831,NZD,19.49,19.69
20210831,THB,0.8445,0.8845
20210831,EUR,32.62,33.02
20210831,CNY,4.272,4.322
20210830,USD,27.745,27.845
20210830,HKD,3.539,3.599
20210830,GBP,38.08,38.48
20210830,AUD,20.19,20.39
20210830,CAD,21.94,22.14
20210830,SGD,20.57,20.75
20210830,CHF,30.28,30.53
20210830,JPY,0.2512,0.2552
20210830,ZAR,1.855,1.935
20210830,SEK,3.17,3.27
20210830,NZD,19.36,19.56
20210830,THB,0.8416,0.8816
20210830,EUR,32.6,33
20210830,CNY,4.274,4.324
20210827,USD,27.87,27.97
20210827,HKD,3.554,3.614
20210827,GBP,38.12,38.52
20210827,AUD,20.15,20.35
20210827,CAD,21.95,22.15
20210827,SGD,20.58,20.76
20210827,CHF,30.32,30.57
20210827,JPY,0.2516,0.2556
20210827,ZAR,1.835,1.915
20210827,SEK,3.16,3.26
20210827,NZD,19.32,19.52
20210827,THB,0.8405,0.8805
20210827,EUR,32.64,33.04
20210827,CNY,4.285,4.335
20210826,USD,27.86,27.96
20210826,HKD,3.554,3.614
20210826,GBP,38.18,38.58
20210826,AUD,20.16,20.36
20210826,CAD,22.04,22.24
20210826,SGD,20.55,20.73
20210826,CHF,30.33,30.58
20210826,JPY,0.2514,0.2554
20210826,ZAR,1.829,1.909
20210826,SEK,3.17,3.27
20210826,NZD,19.33,19.53
20210826,THB,0.8376,0.8776
20210826,EUR,32.65,33.05
20210826,CNY,4.281,4.331
20210825,USD,27.86,27.96
20210825,HKD,3.555,3.615
20210825,GBP,38.1,38.5
20210825,AUD,20.13,20.33
20210825,CAD,22.03,22.23
20210825,SGD,20.53,20.71
20210825,CHF,30.39,30.64
20210825,JPY,0.2523,0.2563
20210825,ZAR,1.826,1.906
20210825,SEK,3.16,3.26
20210825,NZD,19.29,19.49
20210825,THB,0.8372,0.8772
20210825,EUR,32.56,32.96
20210825,CNY,4.286,4.336
20210824,USD,27.88,27.98
20210824,HKD,3.555,3.615
20210824,GBP,38.12,38.52
20210824,AUD,20.09,20.29
20210824,CAD,22.02,22.22
20210824,SGD,20.52,20.7
20210824,CHF,30.47,30.72
20210824,JPY,0.2525,0.2565
20210824,ZAR,1.808,1.888
20210824,SEK,3.16,3.26
20210824,NZD,19.27,19.47
20210824,THB,0.8311,0.8711
20210824,EUR,32.59,32.99
20210824,CNY,4.286,4.336
20210823,USD,27.92,28.02
20210823,HKD,3.56,3.62
20210823,GBP,37.99,38.39
20210823,AUD,19.92,20.12
20210823,CAD,21.83,22.03
20210823,SGD,20.49,20.67
20210823,CHF,30.45,30.7
20210823,JPY,0.2525,0.2565
20210823,ZAR,1.791,1.871
20210823,SEK,3.15,3.25
20210823,NZD,19.05,19.25
20210823,THB,0.823,0.863
20210823,EUR,32.59,32.99
20210823,CNY,4.282,4.332
20210820,USD,27.95,28.05
20210820,HKD,3.564,3.624
20210820,GBP,37.95,38.35
20210820,AUD,19.82,20.02
20210820,CAD,21.6,21.8
20210820,SGD,20.45,20.63
20210820,CHF,30.42,30.67
20210820,JPY,0.2535,0.2575
20210820,ZAR,1.78,1.86
20210820,SEK,3.13,3.23
20210820,NZD,19,19.2
20210820,THB,0.8243,0.8643
20210820,EUR,32.51,32.91
20210820,CNY,4.279,4.329
20210819,USD,27.915,28.015
20210819,HKD,3.558,3.618
20210819,GBP,38.11,38.51
20210819,AUD,19.95,20.15
20210819,CAD,21.87,22.07
20210819,SGD,20.41,20.59
20210819,CHF,30.37,30.62
20210819,JPY,0.2528,0.2568
20210819,ZAR,1.805,1.885
20210819,SEK,3.15,3.25
20210819,NZD,19.02,19.22
20210819,THB,0.8218,0.8618
20210819,EUR,32.48,32.88
20210819,CNY,4.278,4.328
20210818,USD,27.785,27.885
20210818,HKD,3.544,3.604
20210818,GBP,38.06,38.46
20210818,AUD,20.1,20.3
20210818,CAD,21.96,22.16
20210818,SGD,20.38,20.56
20210818,CHF,30.33,30.58
20210818,JPY,0.252,0.256
20210818,ZAR,1.828,1.908
20210818,SEK,3.14,3.24
20210818,NZD,19.16,19.36
20210818,THB,0.8217,0.8617
20210818,EUR,32.44,32.84
20210818,CNY,4.268,4.318
20210817,USD,27.805,27.905
20210817,HKD,3.546,3.606
20210817,GBP,38.25,38.65
20210817,AUD,20.2,20.4
20210817,CAD,21.98,22.18
20210817,SGD,20.41,20.59
20210817,CHF,30.45,30.7
20210817,JPY,0.2528,0.2568
20210817,ZAR,1.828,1.908
20210817,SEK,3.17,3.27
20210817,NZD,19.19,19.39
20210817,THB,0.8188,0.8588
20210817,EUR,32.6,33
20210817,CNY,4.27,4.32
20210816,USD,27.795,27.895
20210816,HKD,3.547,3.607
20210816,GBP,38.39,38.79
20210816,AUD,20.32,20.52
20210816,CAD,22.09,22.29
20210816,SGD,20.44,20.62
20210816,CHF,30.29,30.54
20210816,JPY,0.2525,0.2565
20210816,ZAR,1.848,1.928
20210816,SEK,3.17,3.27
20210816,NZD,19.46,19.66
20210816,THB,0.817,0.857
20210816,EUR,32.61,33.01
20210816,CNY,4.273,4.323
20210813,USD,27.81,27.91
20210813,HKD,3.549,3.609
20210813,GBP,38.28,38.68
20210813,AUD,20.35,20.55
20210813,CAD,22.16,22.36
20210813,SGD,20.42,20.6
20210813,CHF,30.05,30.3
20210813,JPY,0.2506,0.2546
20210813,ZAR,1.84,1.92
20210813,SEK,3.16,3.26
20210813,NZD,19.43,19.63
20210813,THB,0.8211,0.8611
20210813,EUR,32.5,32.9
20210813,CNY,4.272,4.322
20210812,USD,27.76,27.86
20210812,HKD,3.544,3.604
20210812,GBP,38.41,38.81
20210812,AUD,20.39,20.59
20210812,CAD,22.13,22.33
20210812,SGD,20.41,20.59
20210812,CHF,30.04,30.29
20210812,JPY,0.25,0.254
20210812,ZAR,1.856,1.936
20210812,SEK,3.16,3.26
20210812,NZD,19.47,19.67
20210812,THB,0.8284,0.8684
20210812,EUR,32.46,32.86
20210812,CNY,4.267,4.317
20210811,USD,27.795,27.895
20210811,HKD,3.548,3.608
20210811,GBP,38.29,38.69
20210811,AUD,20.3,20.5
20210811,CAD,22.12,22.32
20210811,SGD,20.39,20.57
20210811,CHF,30.01,30.26
20210811,JPY,0.2494,0.2534
20210811,ZAR,1.835,1.915
20210811,SEK,3.14,3.24
20210811,NZD,19.39,19.59
20210811,THB,0.8196,0.8596
20210811,EUR,32.42,32.82
20210811,CNY,4.266,4.316
20210810,USD,27.775,27.875
20210810,HKD,3.544,3.604
20210810,GBP,38.36,38.76
20210810,AUD,20.3,20.5
20210810,CAD,22.05,22.25
20210810,SGD,20.4,20.58
20210810,CHF,30.07,30.32
20210810,JPY,0.25,0.254
20210810,ZAR,1.84,1.92
20210810,SEK,3.15,3.25
20210810,NZD,19.34,19.54
20210810,THB,0.8163,0.8563
20210810,EUR,32.45,32.85
20210810,CNY,4.265,4.315
20210809,USD,27.77,27.87
20210809,HKD,3.544,3.604
20210809,GBP,38.38,38.78
20210809,AUD,20.33,20.53
20210809,CAD,22.07,22.27
20210809,SGD,20.43,20.61
20210809,CHF,30.24,30.49
20210809,JPY,0.2505,0.2545
20210809,ZAR,1.86,1.94
20210809,SEK,3.16,3.26
20210809,NZD,19.41,19.61
20210809,THB,0.8166,0.8566
20210809,EUR,32.52,32.92
20210809,CNY,4.27,4.32
20210806,USD,27.76,27.86
20210806,HKD,3.546,3.606
20210806,GBP,38.52,38.92
20210806,AUD,20.45,20.65
20210806,CAD,22.15,22.35
20210806,SGD,20.5,20.68
20210806,CHF,30.51,30.76
20210806,JPY,0.2515,0.2555
20210806,ZAR,1.876,1.956
20210806,SEK,3.18,3.28
20210806,NZD,19.51,19.71
20210806,THB,0.8178,0.8578
20210806,EUR,32.68,33.08
20210806,CNY,4.277,4.327
20210805,USD,27.715,27.815
20210805,HKD,3.54,3.6
20210805,GBP,38.47,38.87
20210805,AUD,20.45,20.65
20210805,CAD,22.08,22.28
20210805,SGD,20.48,20.66
20210805,CHF,30.53,30.78
20210805,JPY,0.2514,0.2554
20210805,ZAR,1.892,1.972
20210805,SEK,3.18,3.28
20210805,NZD,19.53,19.73
20210805,THB,0.8217,0.8617
20210805,EUR,32.7,33.1
20210805,CNY,4.275,4.325
20210804,USD,27.765,27.865
20210804,HKD,3.547,3.607
20210804,GBP,38.59,38.99
20210804,AUD,20.54,20.74
20210804,CAD,22.12,22.32
20210804,SGD,20.54,20.72
20210804,CHF,30.63,30.88
20210804,JPY,0.253,0.257
20210804,ZAR,1.914,1.994
20210804,SEK,3.19,3.29
20210804,NZD,19.6,19.8
20210804,THB,0.8258,0.8658
20210804,EUR,32.84,33.24
20210804,CNY,4.283,4.333
20210803,USD,27.87,27.97
20210803,HKD,3.56,3.62
20210803,GBP,38.66,39.06
20210803,AUD,20.55,20.75
20210803,CAD,22.23,22.43
20210803,SGD,20.58,20.76
20210803,CHF,30.72,30.97
20210803,JPY,0.2537,0.2577
20210803,ZAR,1.901,1.981
20210803,SEK,3.21,3.31
20210803,NZD,19.48,19.68
20210803,THB,0.8305,0.8705
20210803,EUR,32.97,33.37
20210803,CNY,4.295,4.345
20210802,USD,27.865,27.965
20210802,HKD,3.56,3.62
20210802,GBP,38.67,39.07
20210802,AUD,20.42,20.62
20210802,CAD,22.3,22.5
20210802,SGD,20.56,20.74
20210802,CHF,30.69,30.94
20210802,JPY,0.2526,0.2566
20210802,ZAR,1.882,1.962
20210802,SEK,3.21,3.31
20210802,NZD,19.39,19.59
20210802,THB,0.832,0.872
20210802,EUR,32.98,33.38
20210802,CNY,4.295,4.345
20210730,USD,27.91,28.01
20210730,HKD,3.567,3.627
20210730,GBP,38.86,39.26
20210730,AUD,20.56,20.76
20210730,CAD,22.38,22.58
20210730,SGD,20.59,20.77
20210730,CHF,30.73,30.98
20210730,JPY,0.2533,0.2573
20210730,ZAR,1.879,1.959
20210730,SEK,3.22,3.32
20210730,NZD,19.5,19.7
20210730,THB,0.8358,0.8758
20210730,EUR,33.06,33.46
20210730,CNY,4.304,4.354
20210729,USD,27.88,27.98
20210729,HKD,3.561,3.621
20210729,GBP,38.76,39.16
20210729,AUD,20.54,20.74
20210729,CAD,22.31,22.51
20210729,SGD,20.54,20.72
20210729,CHF,30.6,30.85
20210729,JPY,0.2523,0.2563
20210729,ZAR,1.863,1.943
20210729,SEK,3.21,3.31
20210729,NZD,19.41,19.61
20210729,THB,0.8338,0.8738
20210729,EUR,32.95,33.35
20210729,CNY,4.294,4.344
20210728,USD,27.95,28.05
20210728,HKD,3.567,3.627
20210728,GBP,38.65,39.05
20210728,AUD,20.47,20.67
20210728,CAD,22.15,22.35
20210728,SGD,20.5,20.68
20210728,CHF,30.46,30.71
20210728,JPY,0.2527,0.2567
20210728,ZAR,1.85,1.93
20210728,SEK,3.2,3.3
20210728,NZD,19.36,19.56
20210728,THB,0.8365,0.8765
20210728,EUR,32.86,33.26
20210728,CNY,4.274,4.324
20210727,USD,28,28.1
20210727,HKD,3.573,3.633
20210727,GBP,38.49,38.89
20210727,AUD,20.51,20.71
20210727,CAD,22.2,22.4
20210727,SGD,20.53,20.71
20210727,CHF,30.45,30.7
20210727,JPY,0.2529,0.2569
20210727,ZAR,1.84,1.92
20210727,SEK,3.2,3.3
20210727,NZD,19.42,19.62
20210727,THB,0.8357,0.8757
20210727,EUR,32.86,33.26
20210727,CNY,4.281,4.331
20210726,USD,28.01,28.11
20210726,HKD,3.579,3.639
20210726,GBP,38.42,38.82
20210726,AUD,20.5,20.7
20210726,CAD,22.22,22.42
20210726,SGD,20.53,20.71
20210726,CHF,30.43,30.68
20210726,JPY,0.2526,0.2566
20210726,ZAR,1.837,1.917
20210726,SEK,3.19,3.29
20210726,NZD,19.44,19.64
20210726,THB,0.8362,0.8762
20210726,EUR,32.87,33.27
20210726,CNY,4.3,4.35
20210723,USD,27.97,28.07
20210723,HKD,3.575,3.635
20210723,GBP,38.33,38.73
20210723,AUD,20.54,20.74
20210723,CAD,22.19,22.39
20210723,SGD,20.53,20.71
20210723,CHF,30.35,30.6
20210723,JPY,0.252,0.256
20210723,ZAR,1.856,1.936
20210723,SEK,3.18,3.28
20210723,NZD,19.44,19.64
20210723,THB,0.8364,0.8764
20210723,EUR,32.81,33.21
20210723,CNY,4.299,4.349
20210722,USD,27.955,28.055
20210722,HKD,3.573,3.633
20210722,GBP,38.29,38.69
20210722,AUD,20.52,20.72
20210722,CAD,22.17,22.37
20210722,SGD,20.49,20.67
20210722,CHF,30.37,30.62
20210722,JPY,0.2521,0.2561
20210722,ZAR,1.883,1.963
20210722,SEK,3.18,3.28
20210722,NZD,19.38,19.58
20210722,THB,0.8369,0.8769
20210722,EUR,32.81,33.21
20210722,CNY,4.305,4.355
20210721,USD,28.015,28.115
20210721,HKD,3.579,3.639
20210721,GBP,37.99,38.39
20210721,AUD,20.39,20.59
20210721,CAD,22,22.2
20210721,SGD,20.43,20.61
20210721,CHF,30.3,30.55
20210721,JPY,0.253,0.257
20210721,ZAR,1.868,1.948
20210721,SEK,3.17,3.27
20210721,NZD,19.29,19.49
20210721,THB,0.839,0.879
20210721,EUR,32.81,33.21
20210721,CNY,4.308,4.358
20210720,USD,27.99,28.09
20210720,HKD,3.577,3.637
20210720,GBP,38.06,38.46
20210720,AUD,20.41,20.61
20210720,CAD,21.86,22.06
20210720,SGD,20.43,20.61
20210720,CHF,30.39,30.64
20210720,JPY,0.2538,0.2578
20210720,ZAR,1.883,1.963
20210720,SEK,3.18,3.28
20210720,NZD,19.25,19.45
20210720,THB,0.8385,0.8785
20210720,EUR,32.85,33.25
20210720,CNY,4.296,4.346
20210719,USD,27.985,28.085
20210719,HKD,3.578,3.638
20210719,GBP,38.3,38.7
20210719,AUD,20.55,20.75
20210719,CAD,21.99,22.19
20210719,SGD,20.53,20.71
20210719,CHF,30.3,30.55
20210719,JPY,0.2532,0.2572
20210719,ZAR,1.896,1.976
20210719,SEK,3.17,3.27
20210719,NZD,19.47,19.67
20210719,THB,0.8381,0.8781
20210719,EUR,32.83,33.23
20210719,CNY,4.295,4.345
20210716,USD,27.95,28.05
20210716,HKD,3.574,3.634
20210716,GBP,38.48,38.88
20210716,AUD,20.69,20.89
20210716,CAD,22.14,22.34
20210716,SGD,20.57,20.75
20210716,CHF,30.29,30.54
20210716,JPY,0.2523,0.2563
20210716,ZAR,1.894,1.974
20210716,SEK,3.18,3.28
20210716,NZD,19.52,19.72
20210716,THB,0.8397,0.8797
20210716,EUR,32.84,33.24
20210716,CNY,4.301,4.351
20210715,USD,27.84,27.94
20210715,HKD,3.56,3.62
20210715,GBP,38.35,38.75
20210715,AUD,20.72,20.92
20210715,CAD,22.17,22.37
20210715,SGD,20.52,20.7
20210715,CHF,30.36,30.61
20210715,JPY,0.2521,0.2561
20210715,ZAR,1.886,1.966
20210715,SEK,3.18,3.28
20210715,NZD,19.46,19.66
20210715,THB,0.8392,0.8792
20210715,EUR,32.81,33.21
20210715,CNY,4.291,4.341
20210714,USD,27.95,28.05
20210714,HKD,3.574,3.634
20210714,GBP,38.56,38.96
20210714,AUD,20.75,20.95
20210714,CAD,22.28,22.48
20210714,SGD,20.57,20.75
20210714,CHF,30.34,30.59
20210714,JPY,0.2514,0.2554
20210714,ZAR,1.854,1.934
20210714,SEK,3.19,3.29
20210714,NZD,19.53,19.73
20210714,THB,0.8419,0.8819
20210714,EUR,32.8,33.2
20210714,CNY,4.296,4.346
20210713,USD,27.94,28.04
20210713,HKD,3.574,3.634
20210713,GBP,38.62,39.02
20210713,AUD,20.84,21.04
20210713,CAD,22.36,22.56
20210713,SGD,20.62,20.8
20210713,CHF,30.43,30.68
20210713,JPY,0.2516,0.2556
20210713,ZAR,1.891,1.971
20210713,SEK,3.22,3.32
20210713,NZD,19.45,19.65
20210713,THB,0.8443,0.8843
20210713,EUR,32.97,33.37
20210713,CNY,4.302,4.352
20210712,USD,27.95,28.05
20210712,HKD,3.574,3.634
20210712,GBP,38.65,39.05
20210712,AUD,20.81,21.01
20210712,CAD,22.36,22.56
20210712,SGD,20.64,20.82
20210712,CHF,30.51,30.76
20210712,JPY,0.2525,0.2565
20210712,ZAR,1.912,1.992
20210712,SEK,3.22,3.32
20210712,NZD,19.43,19.63
20210712,THB,0.8436,0.8836
20210712,EUR,33.06,33.46
20210712,CNY,4.297,4.347
20210709,USD,28.005,28.105
20210709,HKD,3.581,3.641
20210709,GBP,38.49,38.89
20210709,AUD,20.78,20.98
20210709,CAD,22.32,22.52
20210709,SGD,20.64,20.82
20210709,CHF,30.53,30.78
20210709,JPY,0.2531,0.2571
20210709,ZAR,1.925,2.005
20210709,SEK,3.22,3.32
20210709,NZD,19.41,19.61
20210709,THB,0.8467,0.8867
20210709,EUR,33.04,33.44
20210709,CNY,4.298,4.348
20210708,USD,27.96,28.06
20210708,HKD,3.575,3.635
20210708,GBP,38.4,38.8
20210708,AUD,20.72,20.92
20210708,CAD,22.22,22.42
20210708,SGD,20.64,20.82
20210708,CHF,30.31,30.56
20210708,JPY,0.2531,0.2571
20210708,ZAR,1.906,1.986
20210708,SEK,3.2,3.3
20210708,NZD,19.43,19.63
20210708,THB,0.8481,0.8881
20210708,EUR,32.9,33.3
20210708,CNY,4.293,4.343
20210707,USD,27.935,28.035
20210707,HKD,3.572,3.632
20210707,GBP,38.44,38.84
20210707,AUD,20.91,21.11
20210707,CAD,22.39,22.59
20210707,SGD,20.68,20.86
20210707,CHF,30.18,30.43
20210707,JPY,0.251,0.255
20210707,ZAR,1.909,1.989
20210707,SEK,3.22,3.32
20210707,NZD,19.59,19.79
20210707,THB,0.8518,0.8918
20210707,EUR,32.89,33.29
20210707,CNY,4.301,4.351
20210706,USD,27.86,27.96
20210706,HKD,3.563,3.623
20210706,GBP,38.52,38.92
20210706,AUD,21.05,21.25
20210706,CAD,22.55,22.75
20210706,SGD,20.69,20.87
20210706,CHF,30.15,30.4
20210706,JPY,0.25,0.254
20210706,ZAR,1.92,2
20210706,SEK,3.22,3.32
20210706,NZD,19.68,19.88
20210706,THB,0.8535,0.8935
20210706,EUR,32.93,33.33
20210706,CNY,4.294,4.344
20210705,USD,27.85,27.95
20210705,HKD,3.561,3.621
20210705,GBP,38.45,38.85
20210705,AUD,20.9,21.1
20210705,CAD,22.51,22.71
20210705,SGD,20.64,20.82
20210705,CHF,30.14,30.39
20210705,JPY,0.2496,0.2536
20210705,ZAR,1.915,1.995
20210705,SEK,3.22,3.32
20210705,NZD,19.51,19.71
20210705,THB,0.8528,0.8928
20210705,EUR,32.93,33.33
20210705,CNY,4.293,4.343
20210702,USD,27.93,28.03
20210702,HKD,3.571,3.631
20210702,GBP,38.32,38.72
20210702,AUD,20.75,20.95
20210702,CAD,22.4,22.6
20210702,SGD,20.61,20.79
20210702,CHF,30.04,30.29
20210702,JPY,0.2488,0.2528
20210702,ZAR,1.891,1.971
20210702,SEK,3.21,3.31
20210702,NZD,19.36,19.56
20210702,THB,0.8531,0.8931
20210702,EUR,32.89,33.29
20210702,CNY,4.286,4.336
20210701,USD,27.84,27.94
20210701,HKD,3.561,3.621
20210701,GBP,38.37,38.77
20210701,AUD,20.8,21
20210701,CAD,22.4,22.6
20210701,SGD,20.64,20.82
20210701,CHF,29.97,30.22
20210701,JPY,0.2487,0.2527
20210701,ZAR,1.914,1.994
20210701,SEK,3.21,3.31
20210701,NZD,19.42,19.62
20210701,THB,0.8557,0.8957
20210701,EUR,32.85,33.25
20210701,CNY,4.289,4.339
20210630,USD,27.81,27.91
20210630,HKD,3.557,3.617
20210630,GBP,38.34,38.74
20210630,AUD,20.84,21.04
20210630,CAD,22.38,22.58
20210630,SGD,20.64,20.82
20210630,CHF,30.07,30.32
20210630,JPY,0.2501,0.2541
20210630,ZAR,1.909,1.989
20210630,SEK,3.23,3.33
20210630,NZD,19.39,19.59
20210630,THB,0.8544,0.8944
20210630,EUR,32.95,33.35
20210630,CNY,4.284,4.334
20210629,USD,27.845,27.945
20210629,HKD,3.563,3.623
20210629,GBP,38.48,38.88
20210629,AUD,20.95,21.15
20210629,CAD,22.48,22.68
20210629,SGD,20.68,20.86
20210629,CHF,30.17,30.42
20210629,JPY,0.25,0.254
20210629,ZAR,1.911,1.991
20210629,SEK,3.22,3.32
20210629,NZD,19.47,19.67
20210629,THB,0.8569,0.8969
20210629,EUR,33.03,33.43
20210629,CNY,4.293,4.343
20210628,USD,27.845,27.945
20210628,HKD,3.563,3.623
20210628,GBP,38.64,39.04
20210628,AUD,21.07,21.27
20210628,CAD,22.59,22.79
20210628,SGD,20.69,20.87
20210628,CHF,30.27,30.52
20210628,JPY,0.2502,0.2542
20210628,ZAR,1.918,1.998
20210628,SEK,3.25,3.35
20210628,NZD,19.64,19.84
20210628,THB,0.8594,0.8994
20210628,EUR,33.11,33.51
20210628,CNY,4.292,4.342
20210625,USD,27.83,27.93
20210625,HKD,3.561,3.621
20210625,GBP,38.59,38.99
20210625,AUD,21.08,21.28
20210625,CAD,22.57,22.77
20210625,SGD,20.71,20.89
20210625,CHF,30.25,30.5
20210625,JPY,0.2498,0.2538
20210625,ZAR,1.93,2.01
20210625,SEK,3.25,3.35
20210625,NZD,19.64,19.84
20210625,THB,0.8624,0.9024
20210625,EUR,33.11,33.51
20210625,CNY,4.293,4.343
20210624,USD,27.935,28.035
20210624,HKD,3.574,3.634
20210624,GBP,38.88,39.28
20210624,AUD,21.09,21.29
20210624,CAD,22.67,22.87
20210624,SGD,20.73,20.91
20210624,CHF,30.29,30.54
20210624,JPY,0.2504,0.2544
20210624,ZAR,1.921,2.001
20210624,SEK,3.26,3.36
20210624,NZD,19.65,19.85
20210624,THB,0.8629,0.9029
20210624,EUR,33.19,33.59
20210624,CNY,4.296,4.346
20210623,USD,27.945,28.045
20210623,HKD,3.574,3.634
20210623,GBP,38.95,39.35
20210623,AUD,21.04,21.24
20210623,CAD,22.67,22.87
20210623,SGD,20.72,20.9
20210623,CHF,30.36,30.61
20210623,JPY,0.2505,0.2545
20210623,ZAR,1.93,2.01
20210623,SEK,3.26,3.36
20210623,NZD,19.58,19.78
20210623,THB,0.8639,0.9039
20210623,EUR,33.23,33.63
20210623,CNY,4.29,4.34
20210622,USD,27.905,28.005
20210622,HKD,3.57,3.63
20210622,GBP,38.63,39.03
20210622,AUD,20.87,21.07
20210622,CAD,22.47,22.67
20210622,SGD,20.67,20.85
20210622,CHF,30.27,30.52
20210622,JPY,0.251,0.255
20210622,ZAR,1.912,1.992
20210622,SEK,3.22,3.32
20210622,NZD,19.4,19.6
20210622,THB,0.8665,0.9065
20210622,EUR,33.07,33.47
20210622,CNY,4.289,4.339
20210621,USD,27.875,27.975
20210621,HKD,3.566,3.626
20210621,GBP,38.44,38.84
20210621,AUD,20.83,21.03
20210621,CAD,22.31,22.51
20210621,SGD,20.67,20.85
20210621,CHF,30.16,30.41
20210621,JPY,0.2518,0.2558
20210621,ZAR,1.904,1.984
20210621,SEK,3.2,3.3
20210621,NZD,19.35,19.55
20210621,THB,0.8675,0.9075
20210621,EUR,32.99,33.39
20210621,CNY,4.288,4.338
20210618,USD,27.73,27.83
20210618,HKD,3.548,3.608
20210618,GBP,38.4,38.8
20210618,AUD,20.85,21.05
20210618,CAD,22.38,22.58
20210618,SGD,20.64,20.82
20210618,CHF,30.14,30.39
20210618,JPY,0.2506,0.2546
20210618,ZAR,1.933,2.013
20210618,SEK,3.2,3.3
20210618,NZD,19.33,19.53
20210618,THB,0.8691,0.9091
20210618,EUR,32.91,33.31
20210618,CNY,4.284,4.334
20210617,USD,27.715,27.815
20210617,HKD,3.545,3.605
20210617,GBP,38.62,39.02
20210617,AUD,21.04,21.24
20210617,CAD,22.48,22.68
20210617,SGD,20.66,20.84
20210617,CHF,30.31,30.56
20210617,JPY,0.2491,0.2531
20210617,ZAR,1.943,2.023
20210617,SEK,3.22,3.32
20210617,NZD,19.53,19.73
20210617,THB,0.8697,0.9097
20210617,EUR,33,33.4
20210617,CNY,4.291,4.341
20210616,USD,27.635,27.735
20210616,HKD,3.536,3.596
20210616,GBP,38.9,39.3
20210616,AUD,21.22,21.42
20210616,CAD,22.64,22.84
20210616,SGD,20.8,20.98
20210616,CHF,30.7,30.95
20210616,JPY,0.2498,0.2538
20210616,ZAR,1.97,2.05
20210616,SEK,3.28,3.38
20210616,NZD,19.67,19.87
20210616,THB,0.8729,0.9129
20210616,EUR,33.4,33.8
20210616,CNY,4.302,4.352
20210615,USD,27.595,27.695
20210615,HKD,3.531,3.591
20210615,GBP,38.84,39.24
20210615,AUD,21.19,21.39
20210615,CAD,22.68,22.88
20210615,SGD,20.77,20.95
20210615,CHF,30.68,30.93
20210615,JPY,0.2493,0.2533
20210615,ZAR,1.974,2.054
20210615,SEK,3.29,3.39
20210615,NZD,19.67,19.87
20210615,THB,0.873,0.913
20210615,EUR,33.38,33.78
20210615,CNY,4.292,4.342
20210611,USD,27.56,27.66
20210611,HKD,3.528,3.588
20210611,GBP,38.93,39.33
20210611,AUD,21.34,21.54
20210611,CAD,22.74,22.94
20210611,SGD,20.8,20.98
20210611,CHF,30.74,30.99
20210611,JPY,0.2504,0.2544
20210611,ZAR,1.997,2.077
20210611,SEK,3.3,3.4
20210611,NZD,19.79,19.99
20210611,THB,0.8742,0.9142
20210611,EUR,33.44,33.84
20210611,CNY,4.299,4.349
20210610,USD,27.63,27.73
20210610,HKD,3.537,3.597
20210610,GBP,38.82,39.22
20210610,AUD,21.3,21.5
20210610,CAD,22.75,22.95
20210610,SGD,20.8,20.98
20210610,CHF,30.73,30.98
20210610,JPY,0.2507,0.2547
20210610,ZAR,1.981,2.061
20210610,SEK,3.3,3.4
20210610,NZD,19.77,19.97
20210610,THB,0.8733,0.9133
20210610,EUR,33.47,33.87
20210610,CNY,4.308,4.358
20210609,USD,27.705,27.805
20210609,HKD,3.547,3.607
20210609,GBP,39.16,39.56
20210609,AUD,21.4,21.6
20210609,CAD,22.86,23.06
20210609,SGD,20.89,21.07
20210609,CHF,30.83,31.08
20210609,JPY,0.2517,0.2557
20210609,ZAR,2.011,2.091
20210609,SEK,3.31,3.41
20210609,NZD,19.9,20.1
20210609,THB,0.8758,0.9158
20210609,EUR,33.62,34.02
20210609,CNY,4.317,4.367
20210608,USD,27.635,27.735
20210608,HKD,3.538,3.598
20210608,GBP,38.96,39.36
20210608,AUD,21.33,21.53
20210608,CAD,22.81,23.01
20210608,SGD,20.84,21.02
20210608,CHF,30.69,30.94
20210608,JPY,0.2508,0.2548
20210608,ZAR,1.999,2.079
20210608,SEK,3.3,3.4
20210608,NZD,19.87,20.07
20210608,THB,0.872,0.912
20210608,EUR,33.5,33.9
20210608,CNY,4.306,4.356
20210607,USD,27.645,27.745
20210607,HKD,3.54,3.6
20210607,GBP,38.95,39.35
20210607,AUD,21.34,21.54
20210607,CAD,22.81,23.01
20210607,SGD,20.84,21.02
20210607,CHF,30.66,30.91
20210607,JPY,0.2511,0.2551
20210607,ZAR,2.015,2.095
20210607,SEK,3.3,3.4
20210607,NZD,19.87,20.07
20210607,THB,0.8732,0.9132
20210607,EUR,33.49,33.89
20210607,CNY,4.308,4.358
20210604,USD,27.645,27.745
20210604,HKD,3.539,3.599
20210604,GBP,38.91,39.31
20210604,AUD,21.12,21.32
20210604,CAD,22.75,22.95
20210604,SGD,20.77,20.95
20210604,CHF,30.46,30.71
20210604,JPY,0.2494,0.2534
20210604,ZAR,1.985,2.065
20210604,SEK,3.27,3.37
20210604,NZD,19.72,19.92
20210604,THB,0.8716,0.9116
20210604,EUR,33.35,33.75
20210604,CNY,4.298,4.348
20210603,USD,27.635,27.735
20210603,HKD,3.538,3.598
20210603,GBP,38.98,39.38
20210603,AUD,21.27,21.47
20210603,CAD,22.85,23.05
20210603,SGD,20.82,21
20210603,CHF,30.61,30.86
20210603,JPY,0.2501,0.2541
20210603,ZAR,2,2.08
20210603,SEK,3.29,3.39
20210603,NZD,19.86,20.06
20210603,THB,0.8743,0.9143
20210603,EUR,33.53,33.93
20210603,CNY,4.304,4.354
20210602,USD,27.64,27.74
20210602,HKD,3.538,3.598
20210602,GBP,38.97,39.37
20210602,AUD,21.31,21.51
20210602,CAD,22.83,23.03
20210602,SGD,20.83,21.01
20210602,CHF,30.68,30.93
20210602,JPY,0.2503,0.2543
20210602,ZAR,1.969,2.049
20210602,SEK,3.3,3.4
20210602,NZD,19.92,20.12
20210602,THB,0.8742,0.9142
20210602,EUR,33.59,33.99
20210602,CNY,4.31,4.36
20210601,USD,27.59,27.69
20210601,HKD,3.532,3.592
20210601,GBP,39.12,39.52
20210601,AUD,21.34,21.54
20210601,CAD,22.88,23.08
20210601,SGD,20.85,21.03
20210601,CHF,30.62,30.87
20210601,JPY,0.2504,0.2544
20210601,ZAR,1.976,2.056
20210601,SEK,3.3,3.4
20210601,NZD,20.03,20.23
20210601,THB,0.8721,0.9121
20210601,EUR,33.62,34.02
20210601,CNY,4.311,4.361
20210531,USD,27.59,27.69
20210531,HKD,3.531,3.591
20210531,GBP,39,39.4
20210531,AUD,21.27,21.47
20210531,CAD,22.8,23
20210531,SGD,20.82,21
20210531,CHF,30.56,30.81
20210531,JPY,0.2499,0.2539
20210531,ZAR,1.968,2.048
20210531,SEK,3.28,3.38
20210531,NZD,19.96,20.16
20210531,THB,0.8689,0.9089
20210531,EUR,33.5,33.9
20210531,CNY,4.32,4.37
20210528,USD,27.69,27.79
20210528,HKD,3.544,3.604
20210528,GBP,39.18,39.58
20210528,AUD,21.33,21.53
20210528,CAD,22.87,23.07
20210528,SGD,20.88,21.06
20210528,CHF,30.75,31
20210528,JPY,0.2505,0.2545
20210528,ZAR,1.962,2.042
20210528,SEK,3.3,3.4
20210528,NZD,20.02,20.22
20210528,THB,0.8718,0.9118
20210528,EUR,33.61,34.01
20210528,CNY,4.332,4.382
20210527,USD,27.75,27.85
20210527,HKD,3.551,3.611
20210527,GBP,39.08,39.48
20210527,AUD,21.45,21.65
20210527,CAD,22.87,23.07
20210527,SGD,20.92,21.1
20210527,CHF,30.84,31.09
20210527,JPY,0.2529,0.2569
20210527,ZAR,1.989,2.069
20210527,SEK,3.3,3.4
20210527,NZD,20.2,20.4
20210527,THB,0.8747,0.9147
20210527,EUR,33.74,34.14
20210527,CNY,4.338,4.388
20210526,USD,27.75,27.85
20210526,HKD,3.551,3.611
20210526,GBP,39.13,39.53
20210526,AUD,21.52,21.72
20210526,CAD,22.93,23.13
20210526,SGD,20.91,21.09
20210526,CHF,30.92,31.17
20210526,JPY,0.2534,0.2574
20210526,ZAR,1.967,2.047
20210526,SEK,3.31,3.41
20210526,NZD,20.22,20.42
20210526,THB,0.874,0.914
20210526,EUR,33.83,34.23
20210526,CNY,4.327,4.377
20210525,USD,27.805,27.905
20210525,HKD,3.558,3.618
20210525,GBP,39.33,39.73
20210525,AUD,21.52,21.72
20210525,CAD,23.02,23.22
20210525,SGD,20.91,21.09
20210525,CHF,31.02,31.27
20210525,JPY,0.2543,0.2583
20210525,ZAR,1.971,2.051
20210525,SEK,3.33,3.43
20210525,NZD,20.03,20.23
20210525,THB,0.8735,0.9135
20210525,EUR,33.94,34.34
20210525,CNY,4.326,4.376
20210524,USD,27.885,27.985
20210524,HKD,3.567,3.627
20210524,GBP,39.39,39.79
20210524,AUD,21.51,21.71
20210524,CAD,23.07,23.27
20210524,SGD,20.92,21.1
20210524,CHF,30.99,31.24
20210524,JPY,0.2549,0.2589
20210524,ZAR,1.962,2.042
20210524,SEK,3.32,3.42
20210524,NZD,19.97,20.17
20210524,THB,0.8763,0.9163
20210524,EUR,33.88,34.28
20210524,CNY,4.32,4.37
20210521,USD,27.87,27.97
20210521,HKD,3.565,3.625
20210521,GBP,39.41,39.81
20210521,AUD,21.52,21.72
20210521,CAD,23.01,23.21
20210521,SGD,20.87,21.05
20210521,CHF,30.99,31.24
20210521,JPY,0.2549,0.2589
20210521,ZAR,1.955,2.035
20210521,SEK,3.32,3.42
20210521,NZD,19.95,20.15
20210521,THB,0.8743,0.9143
20210521,EUR,33.91,34.31
20210521,CNY,4.312,4.362
20210520,USD,27.945,28.045
20210520,HKD,3.576,3.636
20210520,GBP,39.39,39.79
20210520,AUD,21.62,21.82
20210520,CAD,23.03,23.23
20210520,SGD,20.93,21.11
20210520,CHF,30.96,31.21
20210520,JPY,0.2549,0.2589
20210520,ZAR,1.95,2.03
20210520,SEK,3.32,3.42
20210520,NZD,20.04,20.24
20210520,THB,0.8774,0.9174
20210520,EUR,33.96,34.36
20210520,CNY,4.324,4.374
20210519,USD,27.915,28.015
20210519,HKD,3.571,3.631
20210519,GBP,39.47,39.87
20210519,AUD,21.6,21.8
20210519,CAD,23.06,23.26
20210519,SGD,20.92,21.1
20210519,CHF,30.94,31.19
20210519,JPY,0.2545,0.2585
20210519,ZAR,1.954,2.034
20210519,SEK,3.32,3.42
20210519,NZD,20.07,20.27
20210519,THB,0.8756,0.9156
20210519,EUR,33.98,34.38
20210519,CNY,4.322,4.372
20210518,USD,27.885,27.985
20210518,HKD,3.567,3.627
20210518,GBP,39.49,39.89
20210518,AUD,21.7,21.9
20210518,CAD,23.13,23.33
20210518,SGD,20.93,21.11
20210518,CHF,30.98,31.23
20210518,JPY,0.2545,0.2585
20210518,ZAR,1.951,2.031
20210518,SEK,3.32,3.42
20210518,NZD,20.17,20.37
20210518,THB,0.8736,0.9136
20210518,EUR,33.9,34.3
20210518,CNY,4.322,4.372
20210517,USD,27.985,28.085
20210517,HKD,3.579,3.639
20210517,GBP,39.34,39.74
20210517,AUD,21.63,21.83
20210517,CAD,23.05,23.25
20210517,SGD,20.91,21.09
20210517,CHF,30.93,31.18
20210517,JPY,0.2547,0.2587
20210517,ZAR,1.939,2.019
20210517,SEK,3.31,3.41
20210517,NZD,20.12,20.32
20210517,THB,0.8765,0.9165
20210517,EUR,33.83,34.23
20210517,CNY,4.326,4.376
20210514,USD,27.94,28.04
20210514,HKD,3.573,3.633
20210514,GBP,39.16,39.56
20210514,AUD,21.55,21.75
20210514,CAD,22.95,23.15
20210514,SGD,20.89,21.07
20210514,CHF,30.87,31.12
20210514,JPY,0.2539,0.2579
20210514,ZAR,1.935,2.015
20210514,SEK,3.3,3.4
20210514,NZD,20.03,20.23
20210514,THB,0.8775,0.9175
20210514,EUR,33.71,34.11
20210514,CNY,4.324,4.374
20210513,USD,27.94,28.04
20210513,HKD,3.573,3.633
20210513,GBP,39.14,39.54
20210513,AUD,21.47,21.67
20210513,CAD,22.95,23.15
20210513,SGD,20.88,21.06
20210513,CHF,30.68,30.93
20210513,JPY,0.2533,0.2573
20210513,ZAR,1.943,2.023
20210513,SEK,3.28,3.38
20210513,NZD,19.91,20.11
20210513,THB,0.8775,0.9175
20210513,EUR,33.64,34.04
20210513,CNY,4.31,4.36
20210512,USD,27.87,27.97
20210512,HKD,3.564,3.624
20210512,GBP,39.29,39.69
20210512,AUD,21.7,21.9
20210512,CAD,23,23.2
20210512,SGD,20.94,21.12
20210512,CHF,30.73,30.98
20210512,JPY,0.2547,0.2587
20210512,ZAR,1.955,2.035
20210512,SEK,3.31,3.41
20210512,NZD,20.1,20.3
20210512,THB,0.8804,0.9204
20210512,EUR,33.68,34.08
20210512,CNY,4.31,4.36
20210511,USD,27.87,27.97
20210511,HKD,3.564,3.624
20210511,GBP,39.25,39.65
20210511,AUD,21.76,21.96
20210511,CAD,22.97,23.17
20210511,SGD,20.95,21.13
20210511,CHF,30.78,31.03
20210511,JPY,0.2543,0.2583
20210511,ZAR,1.95,2.03
20210511,SEK,3.3,3.4
20210511,NZD,20.17,20.37
20210511,THB,0.8827,0.9227
20210511,EUR,33.71,34.11
20210511,CNY,4.321,4.371
20210510,USD,27.765,27.865
20210510,HKD,3.551,3.611
20210510,GBP,38.97,39.37
20210510,AUD,21.74,21.94
20210510,CAD,22.87,23.07
20210510,SGD,20.88,21.06
20210510,CHF,30.73,30.98
20210510,JPY,0.2534,0.2574
20210510,ZAR,1.945,2.025
20210510,SEK,3.29,3.39
20210510,NZD,20.15,20.35
20210510,THB,0.8779,0.9179
20210510,EUR,33.6,34
20210510,CNY,4.304,4.354
20210507,USD,27.84,27.94
20210507,HKD,3.56,3.62
20210507,GBP,38.64,39.04
20210507,AUD,21.56,21.76
20210507,CAD,22.8,23
20210507,SGD,20.85,21.03
20210507,CHF,30.57,30.82
20210507,JPY,0.2535,0.2575
20210507,ZAR,1.917,1.997
20210507,SEK,3.27,3.37
20210507,NZD,20.04,20.24
20210507,THB,0.878,0.918
20210507,EUR,33.48,33.88
20210507,CNY,4.292,4.342
20210506,USD,27.92,28.02
20210506,HKD,3.57,3.63
20210506,GBP,38.7,39.1
20210506,AUD,21.54,21.74
20210506,CAD,22.72,22.92
20210506,SGD,20.84,21.02
20210506,CHF,30.56,30.81
20210506,JPY,0.2538,0.2578
20210506,ZAR,1.913,1.993
20210506,SEK,3.25,3.35
20210506,NZD,20.06,20.26
20210506,THB,0.8807,0.9207
20210506,EUR,33.43,33.83
20210506,CNY,4.294,4.344
20210505,USD,27.91,28.01
20210505,HKD,3.569,3.629
20210505,GBP,38.66,39.06
20210505,AUD,21.47,21.67
20210505,CAD,22.65,22.85
20210505,SGD,20.82,21
20210505,CHF,30.38,30.63
20210505,JPY,0.2537,0.2577
20210505,ZAR,1.893,1.973
20210505,SEK,3.25,3.35
20210505,NZD,19.94,20.14
20210505,THB,0.882,0.922
20210505,EUR,33.34,33.74
20210505,CNY,4.282,4.332
20210504,USD,27.885,27.985
20210504,HKD,3.566,3.626
20210504,GBP,38.56,38.96
20210504,AUD,21.46,21.66
20210504,CAD,22.6,22.8
20210504,SGD,20.84,21.02
20210504,CHF,30.41,30.66
20210504,JPY,0.2534,0.2574
20210504,ZAR,1.89,1.97
20210504,SEK,3.26,3.36
20210504,NZD,19.88,20.08
20210504,THB,0.8806,0.9206
20210504,EUR,33.37,33.77
20210504,CNY,4.284,4.334
20210503,USD,27.9,28
20210503,HKD,3.568,3.628
20210503,GBP,38.5,38.9
20210503,AUD,21.48,21.68
20210503,CAD,22.62,22.82
20210503,SGD,20.89,21.07
20210503,CHF,30.48,30.73
20210503,JPY,0.2529,0.2569
20210503,ZAR,1.893,1.973
20210503,SEK,3.26,3.36
20210503,NZD,19.94,20.14
20210503,THB,0.8808,0.9208
20210503,EUR,33.44,33.84
20210503,CNY,4.289,4.339
20210429,USD,27.88,27.98
20210429,HKD,3.567,3.627
20210429,GBP,38.82,39.22
20210429,AUD,21.65,21.85
20210429,CAD,22.61,22.81
20210429,SGD,20.99,21.17
20210429,CHF,30.53,30.78
20210429,JPY,0.2545,0.2585
20210429,ZAR,1.93,2.01
20210429,SEK,3.3,3.4
20210429,NZD,20.17,20.37
20210429,THB,0.8793,0.9193
20210429,EUR,33.64,34.04
20210429,CNY,4.296,4.346
20210428,USD,27.88,27.98
20210428,HKD,3.568,3.628
20210428,GBP,38.57,38.97
20210428,AUD,21.52,21.72
20210428,CAD,22.41,22.61
20210428,SGD,20.96,21.14
20210428,CHF,30.35,30.6
20210428,JPY,0.2543,0.2583
20210428,ZAR,1.897,1.977
20210428,SEK,3.29,3.39
20210428,NZD,20.02,20.22
20210428,THB,0.875,0.915
20210428,EUR,33.52,33.92
20210428,CNY,4.282,4.332
20210427,USD,27.85,27.95
20210427,HKD,3.564,3.624
20210427,GBP,38.55,38.95
20210427,AUD,21.61,21.81
20210427,CAD,22.39,22.59
20210427,SGD,20.95,21.13
20210427,CHF,30.32,30.57
20210427,JPY,0.2556,0.2596
20210427,ZAR,1.91,1.99
20210427,SEK,3.28,3.38
20210427,NZD,20.03,20.23
20210427,THB,0.8739,0.9139
20210427,EUR,33.48,33.88
20210427,CNY,4.28,4.33
20210426,USD,27.9,28
20210426,HKD,3.571,3.631
20210426,GBP,38.74,39.14
20210426,AUD,21.64,21.84
20210426,CAD,22.34,22.54
20210426,SGD,21,21.18
20210426,CHF,30.44,30.69
20210426,JPY,0.2575,0.2615
20210426,ZAR,1.92,2
20210426,SEK,3.29,3.39
20210426,NZD,20.07,20.27
20210426,THB,0.8734,0.9134
20210426,EUR,33.61,34.01
20210426,CNY,4.285,4.335
20210423,USD,28.04,28.14
20210423,HKD,3.588,3.648
20210423,GBP,38.83,39.23
20210423,AUD,21.64,21.84
20210423,CAD,22.42,22.62
20210423,SGD,21.08,21.26
20210423,CHF,30.52,30.77
20210423,JPY,0.2583,0.2623
20210423,ZAR,1.927,2.007
20210423,SEK,3.3,3.4
20210423,NZD,20.09,20.29
20210423,THB,0.8801,0.9201
20210423,EUR,33.67,34.07
20210423,CNY,4.302,4.352
20210422,USD,28.065,28.165
20210422,HKD,3.592,3.652
20210422,GBP,38.95,39.35
20210422,AUD,21.68,21.88
20210422,CAD,22.4,22.6
20210422,SGD,21.09,21.27
20210422,CHF,30.59,30.84
20210422,JPY,0.2586,0.2626
20210422,ZAR,1.929,2.009
20210422,SEK,3.3,3.4
20210422,NZD,20.11,20.31
20210422,THB,0.8823,0.9223
20210422,EUR,33.67,34.07
20210422,CNY,4.31,4.36
20210421,USD,28.09,28.19
20210421,HKD,3.594,3.654
20210421,GBP,39.03,39.43
20210421,AUD,21.61,21.81
20210421,CAD,22.26,22.46
20210421,SGD,21.08,21.26
20210421,CHF,30.53,30.78
20210421,JPY,0.258,0.262
20210421,ZAR,1.926,2.006
20210421,SEK,3.28,3.38
20210421,NZD,20.11,20.31
20210421,THB,0.8837,0.9237
20210421,EUR,33.6,34
20210421,CNY,4.307,4.357
20210420,USD,28.07,28.17
20210420,HKD,3.59,3.65
20210420,GBP,39.15,39.55
20210420,AUD,21.85,22.05
20210420,CAD,22.42,22.62
20210420,SGD,21.12,21.3
20210420,CHF,30.61,30.86
20210420,JPY,0.2575,0.2615
20210420,ZAR,1.934,2.014
20210420,SEK,3.31,3.41
20210420,NZD,20.22,20.42
20210420,THB,0.8854,0.9254
20210420,EUR,33.74,34.14
20210420,CNY,4.307,4.357
20210419,USD,28.135,28.235
20210419,HKD,3.597,3.657
20210419,GBP,38.92,39.32
20210419,AUD,21.78,21.98
20210419,CAD,22.48,22.68
20210419,SGD,21.08,21.26
20210419,CHF,30.61,30.86
20210419,JPY,0.2585,0.2625
20210419,ZAR,1.941,2.021
20210419,SEK,3.31,3.41
20210419,NZD,20.12,20.32
20210419,THB,0.8869,0.9269
20210419,EUR,33.67,34.07
20210419,CNY,4.306,4.356
20210416,USD,28.28,28.38
20210416,HKD,3.617,3.677
20210416,GBP,38.78,39.18
20210416,AUD,21.83,22.03
20210416,CAD,22.54,22.74
20210416,SGD,21.15,21.33
20210416,CHF,30.71,30.96
20210416,JPY,0.2583,0.2623
20210416,ZAR,1.95,2.03
20210416,SEK,3.32,3.42
20210416,NZD,20.19,20.39
20210416,THB,0.8912,0.9312
20210416,EUR,33.76,34.16
20210416,CNY,4.318,4.368
20210415,USD,28.31,28.41
20210415,HKD,3.621,3.681
20210415,GBP,38.93,39.33
20210415,AUD,21.88,22.08
20210415,CAD,22.61,22.81
20210415,SGD,21.16,21.34
20210415,CHF,30.59,30.84
20210415,JPY,0.2586,0.2626
20210415,ZAR,1.937,2.017
20210415,SEK,3.31,3.41
20210415,NZD,20.25,20.45
20210415,THB,0.8944,0.9344
20210415,EUR,33.78,34.18
20210415,CNY,4.314,4.364
20210414,USD,28.385,28.485
20210414,HKD,3.63,3.69
20210414,GBP,39.01,39.41
20210414,AUD,21.73,21.93
20210414,CAD,22.54,22.74
20210414,SGD,21.17,21.35
20210414,CHF,30.76,31.01
20210414,JPY,0.2589,0.2629
20210414,ZAR,1.919,1.999
20210414,SEK,3.3,3.4
20210414,NZD,20.07,20.27
20210414,THB,0.8902,0.9302
20210414,EUR,33.8,34.2
20210414,CNY,4.321,4.371
20210413,USD,28.415,28.515
20210413,HKD,3.631,3.691
20210413,GBP,38.95,39.35
20210413,AUD,21.55,21.75
20210413,CAD,22.52,22.72
20210413,SGD,21.13,21.31
20210413,CHF,30.65,30.9
20210413,JPY,0.2584,0.2624
20210413,ZAR,1.916,1.996
20210413,SEK,3.28,3.38
20210413,NZD,19.88,20.08
20210413,THB,0.8873,0.9273
20210413,EUR,33.69,34.09
20210413,CNY,4.319,4.369
20210412,USD,28.405,28.505
20210412,HKD,3.628,3.688
20210412,GBP,38.89,39.29
20210412,AUD,21.56,21.76
20210412,CAD,22.55,22.75
20210412,SGD,21.12,21.3
20210412,CHF,30.61,30.86
20210412,JPY,0.2581,0.2621
20210412,ZAR,1.901,1.981
20210412,SEK,3.28,3.38
20210412,NZD,19.91,20.11
20210412,THB,0.8861,0.9261
20210412,EUR,33.59,33.99
20210412,CNY,4.314,4.364
20210409,USD,28.38,28.48
20210409,HKD,3.625,3.685
20210409,GBP,38.77,39.17
20210409,AUD,21.54,21.74
20210409,CAD,22.48,22.68
20210409,SGD,21.11,21.29
20210409,CHF,30.6,30.85
20210409,JPY,0.2577,0.2617
20210409,ZAR,1.911,1.991
20210409,SEK,3.28,3.38
20210409,NZD,19.89,20.09
20210409,THB,0.8892,0.9292
20210409,EUR,33.63,34.03
20210409,CNY,4.304,4.354
20210408,USD,28.37,28.47
20210408,HKD,3.621,3.681
20210408,GBP,38.94,39.34
20210408,AUD,21.6,21.8
20210408,CAD,22.46,22.66
20210408,SGD,21.12,21.3
20210408,CHF,30.48,30.73
20210408,JPY,0.2576,0.2616
20210408,ZAR,1.922,2.002
20210408,SEK,3.26,3.36
20210408,NZD,19.89,20.09
20210408,THB,0.8892,0.9292
20210408,EUR,33.57,33.97
20210408,CNY,4.31,4.36
20210407,USD,28.37,28.47
20210407,HKD,3.621,3.681
20210407,GBP,39.05,39.45
20210407,AUD,21.59,21.79
20210407,CAD,22.44,22.64
20210407,SGD,21.14,21.32
20210407,CHF,30.42,30.67
20210407,JPY,0.2568,0.2608
20210407,ZAR,1.912,1.992
20210407,SEK,3.25,3.35
20210407,NZD,19.9,20.1
20210407,THB,0.8921,0.9321
20210407,EUR,33.56,33.96
20210407,CNY,4.315,4.365
20210406,USD,28.435,28.535
20210406,HKD,3.633,3.693
20210406,GBP,39.35,39.75
20210406,AUD,21.63,21.83
20210406,CAD,22.62,22.82
20210406,SGD,21.17,21.35
20210406,CHF,30.26,30.51
20210406,JPY,0.2563,0.2603
20210406,ZAR,1.913,1.993
20210406,SEK,3.23,3.33
20210406,NZD,19.95,20.15
20210406,THB,0.8939,0.9339
20210406,EUR,33.47,33.87
20210406,CNY,4.322,4.372
20210401,USD,28.475,28.575
20210401,HKD,3.638,3.698
20210401,GBP,39.14,39.54
20210401,AUD,21.49,21.69
20210401,CAD,22.6,22.8
20210401,SGD,21.11,21.29
20210401,CHF,30.03,30.28
20210401,JPY,0.2558,0.2598
20210401,ZAR,1.899,1.979
20210401,SEK,3.23,3.33
20210401,NZD,19.8,20
20210401,THB,0.8966,0.9366
20210401,EUR,33.3,33.7
20210401,CNY,4.31,4.36
20210331,USD,28.485,28.585
20210331,HKD,3.64,3.7
20210331,GBP,39.03,39.43
20210331,AUD,21.61,21.81
20210331,CAD,22.55,22.75
20210331,SGD,21.12,21.3
20210331,CHF,30.15,30.4
20210331,JPY,0.2557,0.2597
20210331,ZAR,1.88,1.96
20210331,SEK,3.23,3.33
20210331,NZD,19.85,20.05
20210331,THB,0.8949,0.9349
20210331,EUR,33.28,33.68
20210331,CNY,4.319,4.369
20210330,USD,28.46,28.56
20210330,HKD,3.637,3.697
20210330,GBP,39.04,39.44
20210330,AUD,21.65,21.85
20210330,CAD,22.53,22.73
20210330,SGD,21.06,21.24
20210330,CHF,30.12,30.37
20210330,JPY,0.2567,0.2607
20210330,ZAR,1.865,1.945
20210330,SEK,3.22,3.32
20210330,NZD,19.87,20.07
20210330,THB,0.8976,0.9376
20210330,EUR,33.26,33.66
20210330,CNY,4.309,4.359
20210329,USD,28.485,28.585
20210329,HKD,3.64,3.7
20210329,GBP,39.18,39.58
20210329,AUD,21.69,21.89
20210329,CAD,22.53,22.73
20210329,SGD,21.11,21.29
20210329,CHF,30.29,30.54
20210329,JPY,0.2583,0.2623
20210329,ZAR,1.866,1.946
20210329,SEK,3.25,3.35
20210329,NZD,19.84,20.04
20210329,THB,0.8997,0.9397
20210329,EUR,33.43,33.83
20210329,CNY,4.325,4.375
20210326,USD,28.555,28.655
20210326,HKD,3.652,3.712
20210326,GBP,39.2,39.6
20210326,AUD,21.69,21.89
20210326,CAD,22.65,22.85
20210326,SGD,21.16,21.34
20210326,CHF,30.27,30.52
20210326,JPY,0.2597,0.2637
20210326,ZAR,1.866,1.946
20210326,SEK,3.26,3.36
20210326,NZD,19.87,20.07
20210326,THB,0.905,0.945
20210326,EUR,33.52,33.92
20210326,CNY,4.345,4.395
20210325,USD,28.56,28.66
20210325,HKD,3.652,3.712
20210325,GBP,38.94,39.34
20210325,AUD,21.6,21.8
20210325,CAD,22.66,22.86
20210325,SGD,21.15,21.33
20210325,CHF,30.4,30.65
20210325,JPY,0.2603,0.2643
20210325,ZAR,1.87,1.95
20210325,SEK,3.28,3.38
20210325,NZD,19.82,20.02
20210325,THB,0.9043,0.9443
20210325,EUR,33.58,33.98
20210325,CNY,4.352,4.402
20210324,USD,28.48,28.58
20210324,HKD,3.642,3.702
20210324,GBP,38.88,39.28
20210324,AUD,21.56,21.76
20210324,CAD,22.55,22.75
20210324,SGD,21.1,21.28
20210324,CHF,30.35,30.6
20210324,JPY,0.2607,0.2647
20210324,ZAR,1.877,1.957
20210324,SEK,3.26,3.36
20210324,NZD,19.8,20
20210324,THB,0.9035,0.9435
20210324,EUR,33.53,33.93
20210324,CNY,4.347,4.397
20210323,USD,28.4,28.5
20210323,HKD,3.633,3.693
20210323,GBP,39.19,39.59
20210323,AUD,21.76,21.96
20210323,CAD,22.58,22.78
20210323,SGD,21.12,21.3
20210323,CHF,30.51,30.76
20210323,JPY,0.2596,0.2636
20210323,ZAR,1.884,1.964
20210323,SEK,3.28,3.38
20210323,NZD,20,20.2
20210323,THB,0.9045,0.9445
20210323,EUR,33.67,34.07
20210323,CNY,4.346,4.396
20210322,USD,28.435,28.535
20210322,HKD,3.638,3.698
20210322,GBP,39.27,39.67
20210322,AUD,21.89,22.09
20210322,CAD,22.68,22.88
20210322,SGD,21.13,21.31
20210322,CHF,30.49,30.74
20210322,JPY,0.2601,0.2641
20210322,ZAR,1.877,1.957
20210322,SEK,3.28,3.38
20210322,NZD,20.28,20.48
20210322,THB,0.9059,0.9459
20210322,EUR,33.66,34.06
20210322,CNY,4.35,4.4
20210319,USD,28.4,28.5
20210319,HKD,3.633,3.693
20210319,GBP,39.51,39.91
20210319,AUD,21.98,22.18
20210319,CAD,22.72,22.92
20210319,SGD,21.13,21.31
20210319,CHF,30.61,30.86
20210319,JPY,0.2596,0.2636
20210319,ZAR,1.898,1.978
20210319,SEK,3.31,3.41
20210319,NZD,20.34,20.54
20210319,THB,0.9087,0.9487
20210319,EUR,33.76,34.16
20210319,CNY,4.348,4.398
20210318,USD,28.265,28.365
20210318,HKD,3.616,3.676
20210318,GBP,39.34,39.74
20210318,AUD,21.99,22.19
20210318,CAD,22.72,22.92
20210318,SGD,21,21.18
20210318,CHF,30.44,30.69
20210318,JPY,0.2574,0.2614
20210318,ZAR,1.881,1.961
20210318,SEK,3.29,3.39
20210318,NZD,20.38,20.58
20210318,THB,0.9041,0.9441
20210318,EUR,33.63,34.03
20210318,CNY,4.33,4.38
20210317,USD,28.23,28.33
20210317,HKD,3.611,3.671
20210317,GBP,39.17,39.57
20210317,AUD,21.75,21.95
20210317,CAD,22.6,22.8
20210317,SGD,20.91,21.09
20210317,CHF,30.38,30.63
20210317,JPY,0.2571,0.2611
20210317,ZAR,1.848,1.928
20210317,SEK,3.27,3.37
20210317,NZD,20.21,20.41
20210317,THB,0.9028,0.9428
20210317,EUR,33.43,33.83
20210317,CNY,4.322,4.372
20210316,USD,28.215,28.315
20210316,HKD,3.609,3.669
20210316,GBP,38.9,39.3
20210316,AUD,21.72,21.92
20210316,CAD,22.52,22.72
20210316,SGD,20.9,21.08
20210316,CHF,30.3,30.55
20210316,JPY,0.2567,0.2607
20210316,ZAR,1.855,1.935
20210316,SEK,3.27,3.37
20210316,NZD,20.2,20.4
20210316,THB,0.9043,0.9443
20210316,EUR,33.48,33.88
20210316,CNY,4.321,4.371
20210315,USD,28.18,28.28
20210315,HKD,3.605,3.665
20210315,GBP,39.11,39.51
20210315,AUD,21.73,21.93
20210315,CAD,22.53,22.73
20210315,SGD,20.88,21.06
20210315,CHF,30.2,30.45
20210315,JPY,0.2567,0.2607
20210315,ZAR,1.843,1.923
20210315,SEK,3.27,3.37
20210315,NZD,20.2,20.4
20210315,THB,0.9024,0.9424
20210315,EUR,33.46,33.86
20210315,CNY,4.312,4.362
20210312,USD,28.12,28.22
20210312,HKD,3.599,3.659
20210312,GBP,39.1,39.5
20210312,AUD,21.74,21.94
20210312,CAD,22.34,22.54
20210312,SGD,20.86,21.04
20210312,CHF,30.21,30.46
20210312,JPY,0.2564,0.2604
20210312,ZAR,1.843,1.923
20210312,SEK,3.27,3.37
20210312,NZD,20.16,20.36
20210312,THB,0.9021,0.9421
20210312,EUR,33.45,33.85
20210312,CNY,4.309,4.359
20210311,USD,28.155,28.255
20210311,HKD,3.605,3.665
20210311,GBP,39.14,39.54
20210311,AUD,21.82,22.02
20210311,CAD,22.29,22.49
20210311,SGD,20.93,21.11
20210311,CHF,30.22,30.47
20210311,JPY,0.2575,0.2615
20210311,ZAR,1.842,1.922
20210311,SEK,3.29,3.39
20210311,NZD,20.28,20.48
20210311,THB,0.9067,0.9467
20210311,EUR,33.48,33.88
20210311,CNY,4.315,4.365
20210310,USD,28.255,28.355
20210310,HKD,3.616,3.676
20210310,GBP,39.11,39.51
20210310,AUD,21.66,21.86
20210310,CAD,22.25,22.45
20210310,SGD,20.92,21.1
20210310,CHF,30.33,30.58
20210310,JPY,0.2583,0.2623
20210310,ZAR,1.815,1.895
20210310,SEK,3.28,3.38
20210310,NZD,20.16,20.36
20210310,THB,0.9045,0.9445
20210310,EUR,33.44,33.84
20210310,CNY,4.32,4.37
20210309,USD,28.31,28.41
20210309,HKD,3.621,3.681
20210309,GBP,39.16,39.56
20210309,AUD,21.66,21.86
20210309,CAD,22.33,22.53
20210309,SGD,20.97,21.15
20210309,CHF,30.22,30.47
20210309,JPY,0.2587,0.2627
20210309,ZAR,1.803,1.883
20210309,SEK,3.27,3.37
20210309,NZD,20.15,20.35
20210309,THB,0.9054,0.9454
20210309,EUR,33.5,33.9
20210309,CNY,4.317,4.367
20210308,USD,28.22,28.32
20210308,HKD,3.609,3.669
20210308,GBP,38.92,39.32
20210308,AUD,21.6,21.8
20210308,CAD,22.22,22.42
20210308,SGD,20.9,21.08
20210308,CHF,30.18,30.43
20210308,JPY,0.2586,0.2626
20210308,ZAR,1.789,1.869
20210308,SEK,3.26,3.36
20210308,NZD,20.09,20.29
20210308,THB,0.9049,0.9449
20210308,EUR,33.41,33.81
20210308,CNY,4.299,4.349
20210305,USD,28.2,28.3
20210305,HKD,3.61,3.67
20210305,GBP,39,39.4
20210305,AUD,21.65,21.85
20210305,CAD,22.22,22.42
20210305,SGD,21.02,21.2
20210305,CHF,30.25,30.5
20210305,JPY,0.2589,0.2629
20210305,ZAR,1.809,1.889
20210305,SEK,3.27,3.37
20210305,NZD,20.13,20.33
20210305,THB,0.9124,0.9524
20210305,EUR,33.57,33.97
20210305,CNY,4.331,4.381
20210304,USD,28.19,28.29
20210304,HKD,3.61,3.67
20210304,GBP,39.24,39.64
20210304,AUD,21.94,22.14
20210304,CAD,22.25,22.45
20210304,SGD,21.13,21.31
20210304,CHF,30.54,30.79
20210304,JPY,0.2616,0.2656
20210304,ZAR,1.834,1.914
20210304,SEK,3.31,3.41
20210304,NZD,20.42,20.62
20210304,THB,0.9157,0.9557
20210304,EUR,33.85,34.25
20210304,CNY,4.336,4.386
20210303,USD,28.18,28.28
20210303,HKD,3.609,3.669
20210303,GBP,39.28,39.68
20210303,AUD,21.99,22.19
20210303,CAD,22.28,22.48
20210303,SGD,21.15,21.33
20210303,CHF,30.72,30.97
20210303,JPY,0.2623,0.2663
20210303,ZAR,1.855,1.935
20210303,SEK,3.32,3.42
20210303,NZD,20.48,20.68
20210303,THB,0.9168,0.9568
20210303,EUR,33.93,34.33
20210303,CNY,4.342,4.392
20210302,USD,28.24,28.34
20210302,HKD,3.616,3.676
20210302,GBP,39.08,39.48
20210302,AUD,21.8,22
20210302,CAD,22.2,22.4
20210302,SGD,21.14,21.32
20210302,CHF,30.72,30.97
20210302,JPY,0.2628,0.2668
20210302,ZAR,1.84,1.92
20210302,SEK,3.3,3.4
20210302,NZD,20.32,20.52
20210302,THB,0.9165,0.9565
20210302,EUR,33.77,34.17
20210302,CNY,4.341,4.391
20210226,USD,28.23,28.33
20210226,HKD,3.616,3.676
20210226,GBP,39.15,39.55
20210226,AUD,22.02,22.22
20210226,CAD,22.29,22.49
20210226,SGD,21.21,21.39
20210226,CHF,31.12,31.37
20210226,JPY,0.2647,0.2687
20210226,ZAR,1.853,1.933
20210226,SEK,3.35,3.45
20210226,NZD,20.65,20.85
20210226,THB,0.9178,0.9578
20210226,EUR,34.13,34.53
20210226,CNY,4.34,4.39
20210225,USD,28.18,28.28
20210225,HKD,3.61,3.67
20210225,GBP,39.78,40.18
20210225,AUD,22.45,22.65
20210225,CAD,22.5,22.7
20210225,SGD,21.34,21.52
20210225,CHF,31.04,31.29
20210225,JPY,0.2642,0.2682
20210225,ZAR,1.9,1.98
20210225,SEK,3.38,3.48
20210225,NZD,20.92,21.12
20210225,THB,0.9238,0.9638
20210225,EUR,34.21,34.61
20210225,CNY,4.352,4.402
20210224,USD,28.23,28.33
20210224,HKD,3.616,3.676
20210224,GBP,39.93,40.33
20210224,AUD,22.3,22.5
20210224,CAD,22.39,22.59
20210224,SGD,21.34,21.52
20210224,CHF,31.09,31.34
20210224,JPY,0.266,0.27
20210224,ZAR,1.904,1.984
20210224,SEK,3.37,3.47
20210224,NZD,20.77,20.97
20210224,THB,0.9264,0.9664
20210224,EUR,34.19,34.59
20210224,CNY,4.353,4.403
20210223,USD,28.22,28.32
20210223,HKD,3.616,3.676
20210223,GBP,39.64,40.04
20210223,AUD,22.27,22.47
20210223,CAD,22.35,22.55
20210223,SGD,21.32,21.5
20210223,CHF,31.4,31.65
20210223,JPY,0.2668,0.2708
20210223,ZAR,1.893,1.973
20210223,SEK,3.37,3.47
20210223,NZD,20.58,20.78
20210223,THB,0.927,0.967
20210223,EUR,34.2,34.6
20210223,CNY,4.349,4.399
20210222,USD,28.26,28.36
20210222,HKD,3.621,3.681
20210222,GBP,39.43,39.83
20210222,AUD,22.17,22.37
20210222,CAD,22.3,22.5
20210222,SGD,21.28,21.46
20210222,CHF,31.33,31.58
20210222,JPY,0.2656,0.2696
20210222,ZAR,1.869,1.949
20210222,SEK,3.37,3.47
20210222,NZD,20.55,20.75
20210222,THB,0.9277,0.9677
20210222,EUR,34.09,34.49
20210222,CNY,4.349,4.399
20210220,USD,28.26,28.36
20210220,HKD,3.62,3.68
20210220,GBP,39.5,39.9
20210220,AUD,22.12,22.32
20210220,CAD,22.35,22.55
20210220,SGD,21.29,21.47
20210220,CHF,31.45,31.7
20210220,JPY,0.2669,0.2709
20210220,ZAR,1.892,1.972
20210220,SEK,3.37,3.47
20210220,NZD,20.59,20.79
20210220,THB,0.9296,0.9696
20210220,EUR,34.11,34.51
20210220,CNY,4.357,4.407
20210219,USD,28.26,28.36
20210219,HKD,3.621,3.681
20210219,GBP,39.41,39.81
20210219,AUD,21.99,22.19
20210219,CAD,22.22,22.42
20210219,SGD,21.28,21.46
20210219,CHF,31.49,31.74
20210219,JPY,0.2661,0.2701
20210219,ZAR,1.905,1.985
20210219,SEK,3.37,3.47
20210219,NZD,20.4,20.6
20210219,THB,0.9286,0.9686
20210219,EUR,34.09,34.49
20210219,CNY,4.363,4.413
20210218,USD,28.25,28.35
20210218,HKD,3.62,3.68
20210218,GBP,39.06,39.46
20210218,AUD,21.85,22.05
20210218,CAD,22.18,22.38
20210218,SGD,21.22,21.4
20210218,CHF,31.36,31.61
20210218,JPY,0.2655,0.2695
20210218,ZAR,1.886,1.966
20210218,SEK,3.36,3.46
20210218,NZD,20.24,20.44
20210218,THB,0.928,0.968
20210218,EUR,33.9,34.3
20210218,CNY,4.357,4.407
20210217,USD,28.3,28.4
20210217,HKD,3.626,3.686
20210217,GBP,39.17,39.57
20210217,AUD,21.86,22.06
20210217,CAD,22.22,22.42
20210217,SGD,21.24,21.42
20210217,CHF,31.54,31.79
20210217,JPY,0.2654,0.2694
20210217,ZAR,1.884,1.964
20210217,SEK,3.37,3.47
20210217,NZD,20.27,20.47
20210217,THB,0.9298,0.9698
20210217,EUR,34.04,34.44
20210217,CNY,4.373,4.423
20210209,USD,28.32,28.42
20210209,HKD,3.629,3.689
20210209,GBP,38.92,39.32
20210209,AUD,21.8,22
20210209,CAD,22.2,22.4
20210209,SGD,21.25,21.43
20210209,CHF,31.54,31.79
20210209,JPY,0.2688,0.2728
20210209,ZAR,1.871,1.951
20210209,SEK,3.35,3.45
20210209,NZD,20.45,20.65
20210209,THB,0.9314,0.9714
20210209,EUR,34.08,34.48
20210209,CNY,4.379,4.429
20210208,USD,28.32,28.42
20210208,HKD,3.629,3.689
20210208,GBP,38.78,39.18
20210208,AUD,21.67,21.87
20210208,CAD,22.13,22.33
20210208,SGD,21.18,21.36
20210208,CHF,31.39,31.64
20210208,JPY,0.267,0.271
20210208,ZAR,1.86,1.94
20210208,SEK,3.34,3.44
20210208,NZD,20.33,20.53
20210208,THB,0.9294,0.9694
20210208,EUR,33.97,34.37
20210208,CNY,4.371,4.421
20210205,USD,28.31,28.41
20210205,HKD,3.628,3.688
20210205,GBP,38.62,39.02
20210205,AUD,21.46,21.66
20210205,CAD,22.05,22.25
20210205,SGD,21.1,21.28
20210205,CHF,31.24,31.49
20210205,JPY,0.2669,0.2709
20210205,ZAR,1.855,1.935
20210205,SEK,3.31,3.41
20210205,NZD,20.2,20.4
20210205,THB,0.9267,0.9667
20210205,EUR,33.74,34.14
20210205,CNY,4.351,4.401
20210204,USD,28.3,28.4
20210204,HKD,3.626,3.686
20210204,GBP,38.36,38.76
20210204,AUD,21.54,21.74
20210204,CAD,22.08,22.28
20210204,SGD,21.15,21.33
20210204,CHF,31.35,31.6
20210204,JPY,0.2676,0.2716
20210204,ZAR,1.853,1.933
20210204,SEK,3.32,3.42
20210204,NZD,20.32,20.52
20210204,THB,0.9285,0.9685
20210204,EUR,33.86,34.26
20210204,CNY,4.362,4.412
20210203,USD,28.3,28.4
20210203,HKD,3.627,3.687
20210203,GBP,38.59,38.99
20210203,AUD,21.51,21.71
20210203,CAD,22.1,22.3
20210203,SGD,21.2,21.38
20210203,CHF,31.43,31.68
20210203,JPY,0.2679,0.2719
20210203,ZAR,1.855,1.935
20210203,SEK,3.33,3.43
20210203,NZD,20.37,20.57
20210203,THB,0.9287,0.9687
20210203,EUR,33.95,34.35
20210203,CNY,4.363,4.413
20210202,USD,28.31,28.41
20210202,HKD,3.628,3.688
20210202,GBP,38.63,39.03
20210202,AUD,21.49,21.69
20210202,CAD,22.02,22.22
20210202,SGD,21.21,21.39
20210202,CHF,31.47,31.72
20210202,JPY,0.2683,0.2723
20210202,ZAR,1.853,1.933
20210202,SEK,3.32,3.42
20210202,NZD,20.24,20.44
20210202,THB,0.9306,0.9706
20210202,EUR,34.04,34.44
20210202,CNY,4.359,4.409
20210201,USD,28.31,28.41
20210201,HKD,3.628,3.688
20210201,GBP,38.76,39.16
20210201,AUD,21.57,21.77
20210201,CAD,22.1,22.3
20210201,SGD,21.23,21.41
20210201,CHF,31.66,31.91
20210201,JPY,0.2688,0.2728
20210201,ZAR,1.841,1.921
20210201,SEK,3.34,3.44
20210201,NZD,20.28,20.48
20210201,THB,0.9322,0.9722
20210201,EUR,34.18,34.58
20210201,CNY,4.362,4.412
20210129,USD,28.34,28.44
20210129,HKD,3.631,3.691
20210129,GBP,38.71,39.11
20210129,AUD,21.63,21.83
20210129,CAD,21.98,22.18
20210129,SGD,21.25,21.43
20210129,CHF,31.78,32.03
20210129,JPY,0.2696,0.2736
20210129,ZAR,1.832,1.912
20210129,SEK,3.35,3.45
20210129,NZD,20.25,20.45
20210129,THB,0.9318,0.9718
20210129,EUR,34.17,34.57
20210129,CNY,4.359,4.409
20210128,USD,28.35,28.45
20210128,HKD,3.633,3.693
20210128,GBP,38.59,38.99
20210128,AUD,21.53,21.73
20210128,CAD,22.01,22.21
20210128,SGD,21.22,21.4
20210128,CHF,31.78,32.03
20210128,JPY,0.2703,0.2743
20210128,ZAR,1.812,1.892
20210128,SEK,3.34,3.44
20210128,NZD,20.15,20.35
20210128,THB,0.9302,0.9702
20210128,EUR,34.15,34.55
20210128,CNY,4.342,4.392
20210127,USD,28.31,28.41
20210127,HKD,3.628,3.688
20210127,GBP,38.81,39.21
20210127,AUD,21.84,22.04
20210127,CAD,22.2,22.4
20210127,SGD,21.32,21.5
20210127,CHF,31.85,32.1
20210127,JPY,0.2716,0.2756
20210127,ZAR,1.84,1.92
20210127,SEK,3.37,3.47
20210127,NZD,20.4,20.6
20210127,THB,0.9311,0.9711
20210127,EUR,34.27,34.67
20210127,CNY,4.354,4.404
20210126,USD,28.34,28.44
20210126,HKD,3.632,3.692
20210126,GBP,38.46,38.86
20210126,AUD,21.69,21.89
20210126,CAD,22.13,22.33
20210126,SGD,21.27,21.45
20210126,CHF,31.78,32.03
20210126,JPY,0.2716,0.2756
20210126,ZAR,1.81,1.89
20210126,SEK,3.37,3.47
20210126,NZD,20.27,20.47
20210126,THB,0.9314,0.9714
20210126,EUR,34.2,34.6
20210126,CNY,4.35,4.4
20210125,USD,28.31,28.41
20210125,HKD,3.628,3.688
20210125,GBP,38.72,39.12
20210125,AUD,21.84,22.04
20210125,CAD,22.25,22.45
20210125,SGD,21.31,21.49
20210125,CHF,31.91,32.16
20210125,JPY,0.2715,0.2755
20210125,ZAR,1.84,1.92
20210125,SEK,3.39,3.49
20210125,NZD,20.36,20.56
20210125,THB,0.9312,0.9712
20210125,EUR,34.34,34.74
20210125,CNY,4.347,4.397
20210122,USD,28.31,28.41
20210122,HKD,3.628,3.688
20210122,GBP,38.58,38.98
20210122,AUD,21.82,22.02
20210122,CAD,22.27,22.47
20210122,SGD,21.29,21.47
20210122,CHF,31.9,32.15
20210122,JPY,0.2716,0.2756
20210122,ZAR,1.84,1.92
20210122,SEK,3.37,3.47
20210122,NZD,20.28,20.48
20210122,THB,0.9308,0.9708
20210122,EUR,34.28,34.68
20210122,CNY,4.348,4.398
20210121,USD,28.3,28.4
20210121,HKD,3.627,3.687
20210121,GBP,38.65,39.05
20210121,AUD,21.89,22.09
20210121,CAD,22.36,22.56
20210121,SGD,21.32,21.5
20210121,CHF,31.74,31.99
20210121,JPY,0.2719,0.2759
20210121,ZAR,1.866,1.946
20210121,SEK,3.36,3.46
20210121,NZD,20.31,20.51
20210121,THB,0.9318,0.9718
20210121,EUR,34.17,34.57
20210121,CNY,4.36,4.41
20210120,USD,28.34,28.44
20210120,HKD,3.632,3.692
20210120,GBP,38.63,39.03
20210120,AUD,21.87,22.07
20210120,CAD,22.27,22.47
20210120,SGD,21.34,21.52
20210120,CHF,31.85,32.1
20210120,JPY,0.2717,0.2757
20210120,ZAR,1.869,1.949
20210120,SEK,3.36,3.46
20210120,NZD,20.2,20.4
20210120,THB,0.9324,0.9724
20210120,EUR,34.31,34.71
20210120,CNY,4.365,4.415
20210119,USD,28.4,28.5
20210119,HKD,3.639,3.699
20210119,GBP,38.52,38.92
20210119,AUD,21.86,22.06
20210119,CAD,22.25,22.45
20210119,SGD,21.31,21.49
20210119,CHF,31.83,32.08
20210119,JPY,0.2716,0.2756
20210119,ZAR,1.845,1.925
20210119,SEK,3.36,3.46
20210119,NZD,20.2,20.4
20210119,THB,0.9315,0.9715
20210119,EUR,34.26,34.66
20210119,CNY,4.356,4.406
20210118,USD,28.41,28.51
20210118,HKD,3.64,3.7
20210118,GBP,38.39,38.79
20210118,AUD,21.75,21.95
20210118,CAD,22.15,22.35
20210118,SGD,21.27,21.45
20210118,CHF,31.78,32.03
20210118,JPY,0.2723,0.2763
20210118,ZAR,1.82,1.9
20210118,SEK,3.34,3.44
20210118,NZD,20.13,20.33
20210118,THB,0.9302,0.9702
20210118,EUR,34.15,34.55
20210118,CNY,4.358,4.408
20210115,USD,28.41,28.51
20210115,HKD,3.64,3.7
20210115,GBP,38.69,39.09
20210115,AUD,21.95,22.15
20210115,CAD,22.36,22.56
20210115,SGD,21.37,21.55
20210115,CHF,31.91,32.16
20210115,JPY,0.2725,0.2765
20210115,ZAR,1.833,1.913
20210115,SEK,3.37,3.47
20210115,NZD,20.38,20.58
20210115,THB,0.9331,0.9731
20210115,EUR,34.35,34.75
20210115,CNY,4.374,4.424
20210114,USD,28.39,28.49
20210114,HKD,3.638,3.698
20210114,GBP,38.66,39.06
20210114,AUD,21.96,22.16
20210114,CAD,22.33,22.53
20210114,SGD,21.34,21.52
20210114,CHF,31.9,32.15
20210114,JPY,0.2715,0.2755
20210114,ZAR,1.823,1.903
20210114,SEK,3.36,3.46
20210114,NZD,20.36,20.56
20210114,THB,0.9322,0.9722
20210114,EUR,34.35,34.75
20210114,CNY,4.375,4.425
20210113,USD,28.37,28.47
20210113,HKD,3.635,3.695
20210113,GBP,38.69,39.09
20210113,AUD,21.95,22.15
20210113,CAD,22.24,22.44
20210113,SGD,21.39,21.57
20210113,CHF,31.92,32.17
20210113,JPY,0.2721,0.2761
20210113,ZAR,1.824,1.904
20210113,SEK,3.4,3.5
20210113,NZD,20.42,20.62
20210113,THB,0.9324,0.9724
20210113,EUR,34.49,34.89
20210113,CNY,4.38,4.43
20210112,USD,28.41,28.51
20210112,HKD,3.64,3.7
20210112,GBP,38.39,38.79
20210112,AUD,21.88,22.08
20210112,CAD,22.24,22.44
20210112,SGD,21.33,21.51
20210112,CHF,31.85,32.1
20210112,JPY,0.2712,0.2752
20210112,ZAR,1.798,1.878
20210112,SEK,3.39,3.49
20210112,NZD,20.36,20.56
20210112,THB,0.9289,0.9689
20210112,EUR,34.43,34.83
20210112,CNY,4.381,4.431
20210111,USD,28.41,28.51
20210111,HKD,3.64,3.7
20210111,GBP,38.21,38.61
20210111,AUD,21.83,22.03
20210111,CAD,22.22,22.42
20210111,SGD,21.31,21.49
20210111,CHF,31.91,32.16
20210111,JPY,0.2712,0.2752
20210111,ZAR,1.8,1.88
20210111,SEK,3.4,3.5
20210111,NZD,20.37,20.57
20210111,THB,0.9291,0.9691
20210111,EUR,34.48,34.88
20210111,CNY,4.371,4.421
20210108,USD,28.38,28.48
20210108,HKD,3.636,3.696
20210108,GBP,38.39,38.79
20210108,AUD,21.96,22.16
20210108,CAD,22.3,22.5
20210108,SGD,21.35,21.53
20210108,CHF,31.91,32.16
20210108,JPY,0.2715,0.2755
20210108,ZAR,1.803,1.883
20210108,SEK,3.41,3.51
20210108,NZD,20.52,20.72
20210108,THB,0.929,0.969
20210108,EUR,34.58,34.98
20210108,CNY,4.373,4.423
20210107,USD,28.35,28.45
20210107,HKD,3.633,3.693
20210107,GBP,38.4,38.8
20210107,AUD,22.01,22.21
20210107,CAD,22.31,22.51
20210107,SGD,21.45,21.63
20210107,CHF,32.14,32.39
20210107,JPY,0.2728,0.2768
20210107,ZAR,1.844,1.924
20210107,SEK,3.43,3.53
20210107,NZD,20.59,20.79
20210107,THB,0.9332,0.9732
20210107,EUR,34.77,35.17
20210107,CNY,4.383,4.433
20210106,USD,28.33,28.43
20210106,HKD,3.63,3.69
20210106,GBP,38.56,38.96
20210106,AUD,22.02,22.22
20210106,CAD,22.33,22.53
20210106,SGD,21.47,21.65
20210106,CHF,32.26,32.51
20210106,JPY,0.2742,0.2782
20210106,ZAR,1.864,1.944
20210106,SEK,3.44,3.54
20210106,NZD,20.6,20.8
20210106,THB,0.9338,0.9738
20210106,EUR,34.81,35.21
20210106,CNY,4.383,4.433
20210105,USD,28.33,28.43
20210105,HKD,3.63,3.69
20210105,GBP,38.32,38.72
20210105,AUD,21.77,21.97
20210105,CAD,22.14,22.34
20210105,SGD,21.42,21.6
20210105,CHF,32.09,32.34
20210105,JPY,0.2738,0.2778
20210105,ZAR,1.878,1.958
20210105,SEK,3.4,3.5
20210105,NZD,20.37,20.57
20210105,THB,0.9332,0.9732
20210105,EUR,34.6,35
20210105,CNY,4.377,4.427
20210104,USD,28.35,28.45
20210104,HKD,3.633,3.693
20210104,GBP,38.68,39.08
20210104,AUD,21.83,22.03
20210104,CAD,22.27,22.47
20210104,SGD,21.48,21.66
20210104,CHF,32.04,32.29
20210104,JPY,0.274,0.278
20210104,ZAR,1.913,1.993
20210104,SEK,3.42,3.52
20210104,NZD,20.38,20.58
20210104,THB,0.9356,0.9756
20210104,EUR,34.64,35.04
20210104,CNY,4.378,4.428
20210101,USD,28.35,28.45
20210101,HKD,3.633,3.693
20210101,GBP,38.68,39.08
20210101,AUD,21.83,22.03
20210101,CAD,22.27,22.47
20210101,SGD,21.48,21.66
20210101,CHF,32.04,32.29
20210101,JPY,0.274,0.278
20210101,ZAR,1.913,1.993
20210101,SEK,3.42,3.52
20210101,NZD,20.38,20.58
20210101,THB,0.9356,0.9756
20210101,EUR,34.64,35.04
20210101,CNY,4.378,4.428
